,House or Senate,Date,Time Convened,Time Adjourned,Time in Session,Working Day?,Scraped adjournment string,url
0,Senate,01/03/2022,,,,INPUT BY HAND,,https://www.congress.gov/congressional-record/2022/1/3/daily-digest
1,House,01/03/2022,,,,INPUT BY HAND,,https://www.congress.gov/congressional-record/2022/1/3/daily-digest
2,Senate,01/04/2022,,,,INPUT BY HAND,,https://www.congress.gov/congressional-record/2022/1/4/daily-digest
3,House,01/04/2022,,,,INPUT BY HAND,,https://www.congress.gov/congressional-record/2022/1/4/daily-digest
4,Senate,01/05/2022,,,,NS,The House was not in session today. The House is scheduled to meet in Pro Forma session at 12 p.m. on Thursday January 6 2022.,https://www.congress.gov/congressional-record/2022/1/5/daily-digest
5,House,01/05/2022,,,,NS,The House was not in session today. The House is scheduled to meet in Pro Forma session at 12 p.m. on Thursday January 6 2022.No hearings were held. ,https://www.congress.gov/congressional-record/2022/1/5/daily-digest
6,Senate,01/06/2022,1900-01-01 10:30:00,,,INPUT BY HAND,,https://www.congress.gov/congressional-record/2022/1/6/daily-digest
7,House,01/06/2022,12:00PM,12:09PM,9.0,pf,Adjournment:  The House met at 12 p.m. and adjourned at 12:09 p.m.  ,https://www.congress.gov/congressional-record/2022/1/6/daily-digest
8,Senate,01/07/2022,,,,NS,The House was not in session today. The House is scheduled to meet at 6:30 p.m. on Monday January 10 2022.,https://www.congress.gov/congressional-record/2022/1/7/daily-digest
9,House,01/07/2022,,,,NS,The House was not in session today. The House is scheduled to meet at 6:30 p.m. on Monday January 10 2022.No hearings were held.,https://www.congress.gov/congressional-record/2022/1/7/daily-digest
10,Senate,01/10/2022,20:05PM,20:05PM,0.0,INPUT BY HAND,,https://www.congress.gov/congressional-record/2022/1/10/daily-digest
11,House,01/10/2022,18:30PM,19:12PM,42.0,pf,Adjournment: The House met at 6:30 p.m. and adjourned at 7:12 p.m. pursuant to ,https://www.congress.gov/congressional-record/2022/1/10/daily-digest
12,Senate,01/11/2022,20:32PM,20:32PM,0.0,INPUT BY HAND,,https://www.congress.gov/congressional-record/2022/1/11/daily-digest
13,House,01/11/2022,10:00AM,16:23PM,383.0,x,Adjournment: The House met at 10 a.m. and adjourned at 4:23 p.m. ,https://www.congress.gov/congressional-record/2022/1/11/daily-digest
14,Senate,01/12/2022,,,,INPUT BY HAND,,https://www.congress.gov/congressional-record/2022/1/12/daily-digest
15,House,01/12/2022,12:00PM,23:37PM,697.0,x,Adjournment: The House met at 12 p.m. and adjourned at 11:37 p.m.   ,https://www.congress.gov/congressional-record/2022/1/12/daily-digest
16,Senate,01/13/2022,10:00AM,21:52PM,712.0,x,Adjournment: Senate convened at 10 a.m. and adjourned at 9:52 p.m. until 11:20 a.m. on Friday January 14 2022. (For Senates program see the remarks of the Majority Leader in todays Record on ,https://www.congress.gov/congressional-record/2022/1/13/daily-digest
17,House,01/13/2022,09:00AM,14:29PM,329.0,x,Adjournment: The House met at 9 a.m. and adjourned at 2:29 p.m. ,https://www.congress.gov/congressional-record/2022/1/13/daily-digest
18,Senate,01/14/2022,,,,pf,The Senate met at 11:20:01 a.m. in pro forma session and adjourned at 11:20:39 a.m. until 12 noon on Tuesday January 18 2022.No committee meetings were held.,https://www.congress.gov/congressional-record/2022/1/14/daily-digest
19,House,01/14/2022,11:00AM,11:05AM,5.0,pf,Adjournment:  The House met at 11 a.m. and adjourned at 11:05 a.m. ,https://www.congress.gov/congressional-record/2022/1/14/daily-digest
20,Senate,01/18/2022,,1900-01-01 22:01:00,,INPUT BY HAND,,https://www.congress.gov/congressional-record/2022/1/18/daily-digest
21,House,01/18/2022,12:00PM,20:21PM,501.0,x,Adjournment: The House met at 12 p.m. and adjourned at 8:21 p.m. ,https://www.congress.gov/congressional-record/2022/1/18/daily-digest
22,Senate,01/19/2022,10:00AM,22:51PM,771.0,x,Adjournment: Senate convened at 10 a.m. and adjourned at 10:51 p.m. until 11 a.m. on Thursday January 20 2022. (For Senates program see the remarks of the Majority Leader in todays Record on ,https://www.congress.gov/congressional-record/2022/1/19/daily-digest
23,House,01/19/2022,10:00AM,16:02PM,362.0,x,Adjournment: The House met at 10 a.m. and adjourned at 4:02 p.m. ,https://www.congress.gov/congressional-record/2022/1/19/daily-digest
24,Senate,01/20/2022,11:00AM,16:39PM,339.0,x,Adjournment: Senate convened at 11 a.m. and adjourned at 4:39 p.m. until 1 p.m. on Monday January 24 2022. (For Senates program see the remarks of the Acting Majority Leader in todays Record on ,https://www.congress.gov/congressional-record/2022/1/20/daily-digest
25,House,01/20/2022,09:00AM,14:14PM,314.0,x,Adjournment: The House met at 9 a.m. and adjourned at 2:14 p.m.   ,https://www.congress.gov/congressional-record/2022/1/20/daily-digest
26,Senate,01/21/2022,,,,NS,The Senate was not in session and stands adjourned until 1 p.m. on Monday January 24 2022.––––––No committee meetings were held.,https://www.congress.gov/congressional-record/2022/1/21/daily-digest
27,House,01/21/2022,09:00AM,09:03AM,3.0,pf,Adjournment: The House met at 9 a.m. and adjourned at 9:03 a.m.   ,https://www.congress.gov/congressional-record/2022/1/21/daily-digest
28,Senate,01/24/2022,,,,pf,The Senate met at 1:00:29 p.m. in pro forma session and adjourned at 1:01:04 p.m. until 10 a.m. on Thursday January 27 2022.––––––No committee meetings were held.,https://www.congress.gov/congressional-record/2022/1/24/daily-digest
29,House,01/24/2022,,,,NS,The House was not in session today. The House is scheduled to meet in Pro Forma session at 10 a.m. on Tuesday January 25 2022.No hearings were held.  ,https://www.congress.gov/congressional-record/2022/1/24/daily-digest
30,Senate,01/25/2022,,,,NS,The Senate was not in session and stands adjourned until 10 a.m. on Thursday January 27 2022.––––––No committee meetings were held.,https://www.congress.gov/congressional-record/2022/1/25/daily-digest
31,House,01/25/2022,10:00AM,10:03AM,3.0,pf,Adjournment: The House met at 10 a.m. and adjourned at 10:03 a.m. ,https://www.congress.gov/congressional-record/2022/1/25/daily-digest
32,Senate,01/27/2022,,,,pf,The Senate met at 10:00:05 a.m. in pro forma session and adjourned at 10:00:10 a.m. until 3 p.m. on Monday January 31 2022.No committee meetings were held.,https://www.congress.gov/congressional-record/2022/1/27/daily-digest
33,House,01/27/2022,,,,NS,The House was not in session today. The House is scheduled to meet in Pro Forma session at 9 a.m. on Friday January 28 2022. No hearings were held.,https://www.congress.gov/congressional-record/2022/1/27/daily-digest
34,Senate,01/28/2022,,,,NS,The Senate was not in session and stands adjourned until 3 p.m. on Monday January 31 2022.No committee meetings were held.,https://www.congress.gov/congressional-record/2022/1/28/daily-digest
35,House,01/28/2022,09:00AM,09:03AM,3.0,pf,Adjournment: The House met at 9 a.m. and adjourned at 9:03 a.m.   ,https://www.congress.gov/congressional-record/2022/1/28/daily-digest
36,Senate,01/31/2022,15:00PM,18:49PM,229.0,x,Adjournment: Senate convened at 3 p.m. and adjourned at 6:49 p.m. until 10 a.m. on Tuesday February 1 2022. (For Senates program see the remarks of the Acting Majority Leader in todays Record on ,https://www.congress.gov/congressional-record/2022/1/31/daily-digest
37,House,01/31/2022,,,,NS,The House was not in session today. The House is scheduled to meet at 2 p.m. on Tuesday February 1 2022.No hearings were held.,https://www.congress.gov/congressional-record/2022/1/31/daily-digest
38,Senate,02/01/2022,10:00AM,20:59PM,659.0,x,Adjournment: Senate convened at 10 a.m. and adjourned at 8:59 p.m. until 10 a.m. on Wednesday February 2 2022. (For Senates program see the remarks of the Acting Majority Leader in todays Record on ,https://www.congress.gov/congressional-record/2022/2/1/daily-digest
39,House,02/01/2022,14:00PM,19:39PM,339.0,x,Adjournment: The House met at 2 p.m. and adjourned at 7:39 p.m. ,https://www.congress.gov/congressional-record/2022/2/1/daily-digest
40,Senate,02/02/2022,10:00AM,21:32PM,692.0,x,Adjournment: Senate convened at 10 a.m. and adjourned at 9:32 p.m. until 10 a.m. on Thursday February 3 2022. (For Senates program see the remarks of the Majority Leader in todays Record on ,https://www.congress.gov/congressional-record/2022/2/2/daily-digest
41,House,02/02/2022,1900-01-01 10:00:00,,,INPUT BY HAND,,https://www.congress.gov/congressional-record/2022/2/2/daily-digest
42,Senate,02/03/2022,16:41PM,16:41PM,0.0,INPUT BY HAND,,https://www.congress.gov/congressional-record/2022/2/3/daily-digest
43,House,02/03/2022,12:00PM,19:42PM,462.0,x,Adjournment: The House met at 12 p.m. and adjourned at 7:42 p.m.   ,https://www.congress.gov/congressional-record/2022/2/3/daily-digest
44,Senate,02/04/2022,,,,NS,The Senate was not in session and stands adjourned until 3 p.m. on Monday February 7 2022.No committee meetings were held.,https://www.congress.gov/congressional-record/2022/2/4/daily-digest
45,House,02/04/2022,09:00AM,13:09PM,249.0,x,Adjournment: The House met at 9 a.m. and adjourned at 1:09 p.m.      ,https://www.congress.gov/congressional-record/2022/2/4/daily-digest
46,Senate,02/07/2022,,,,INPUT BY HAND,,https://www.congress.gov/congressional-record/2022/2/7/daily-digest
47,House,02/07/2022,12:00PM,21:52PM,592.0,x,Adjournment: The House met at 12 p.m. and adjourned at 9:52 p.m.  ,https://www.congress.gov/congressional-record/2022/2/7/daily-digest
48,Senate,02/08/2022,10:00AM,18:57PM,537.0,x,Adjournment: Senate convened at 10 a.m. and adjourned at 6:57 p.m. until 10 a.m. on Wednesday February 9 2022. (For Senates program see the remarks of the Acting Majority Leader in todays Record on ,https://www.congress.gov/congressional-record/2022/2/8/daily-digest
49,House,02/08/2022,10:00AM,20:19PM,619.0,x,Adjournment: The House met at 10 a.m. and adjourned at 8:19 p.m.   ,https://www.congress.gov/congressional-record/2022/2/8/daily-digest
50,Senate,02/09/2022,10:00AM,19:56PM,596.0,x,Adjournment: Senate convened at 10 a.m. and adjourned at 7:56 p.m. until 10 a.m. on Thursday February 10 2022. (For Senates program see the remarks of the Majority Leader in todays Record on ,https://www.congress.gov/congressional-record/2022/2/9/daily-digest
51,House,02/09/2022,09:00AM,15:39PM,399.0,x,Adjournment:  The House met at 9 a.m. and adjourned at 3:39 p.m.   ,https://www.congress.gov/congressional-record/2022/2/9/daily-digest
52,Senate,02/10/2022,10:00AM,15:31PM,331.0,x,Adjournment: Senate convened at 10 a.m. and adjourned at 3:31 p.m. until 3 p.m. on Monday February 14 2022. (For Senates program see the remarks of the Acting Majority Leader in todays Record on ,https://www.congress.gov/congressional-record/2022/2/10/daily-digest
53,House,02/10/2022,,,,NS,The House was not in session today. The House is scheduled to meet at 11 a.m. on Friday February 11 2022.No hearings were held.,https://www.congress.gov/congressional-record/2022/2/10/daily-digest
54,Senate,02/11/2022,,,,NS,The Senate was not in session and stands adjourned until 3 p.m. on Monday February 14 2022.No committee meetings were held.,https://www.congress.gov/congressional-record/2022/2/11/daily-digest
55,House,02/11/2022,11:00AM,11:06AM,6.0,pf,Adjournment: The House met at 11 a.m. and adjourned at 11:06 a.m.  ,https://www.congress.gov/congressional-record/2022/2/11/daily-digest
56,Senate,02/14/2022,15:00PM,19:53PM,293.0,x,Adjournment: Senate convened at 3 p.m. and adjourned at 7:53 p.m. until 10 a.m. on Tuesday February 15 2022. (For Senates program see the remarks of the Majority Leader in todays Record on ,https://www.congress.gov/congressional-record/2022/2/14/daily-digest
57,House,02/14/2022,,,,NS,The House was not in session today. The House is scheduled to meet at 10 a.m. on Tuesday February 15 2022.No hearings were held.,https://www.congress.gov/congressional-record/2022/2/14/daily-digest
58,Senate,02/15/2022,10:00AM,18:16PM,496.0,x,Adjournment: Senate convened at 10 a.m. and adjourned at 6:16 p.m. until 10 a.m. on Wednesday February 16 2022. (For Senates program see the remarks of the Majority Leader in todays Record on ,https://www.congress.gov/congressional-record/2022/2/15/daily-digest
59,House,02/15/2022,10:00AM,10:03AM,3.0,pf,Adjournment: The House met at 10 a.m. and adjourned at 10:03 a.m. ,https://www.congress.gov/congressional-record/2022/2/15/daily-digest
60,Senate,02/16/2022,10:00AM,18:20PM,500.0,x,Adjournment: Senate convened at 10 a.m. and adjourned at 6:20 p.m. until 10:30 a.m. on Thursday February 17 2022. (For Senates program see the remarks of the Majority Leader in todays Record on ,https://www.congress.gov/congressional-record/2022/2/16/daily-digest
61,House,02/16/2022,,,,NS,The House was not in session today. The House is scheduled to meet at 10 a.m. on Friday February 18 2022.Full Committee held a hearing entitled ``Why Congress Needs to Abolish the Debt Limit. Testimony was heard from public witnesses.  ,https://www.congress.gov/congressional-record/2022/2/16/daily-digest
62,Senate,02/17/2022,10:30AM,20:17PM,587.0,x,Adjournment: Senate convened at 10:30 a.m. and adjourned at 8:17 p.m. until 9 a.m. on Friday February 18 2022. (For Senates program see the remarks of the Majority Leader in todays Record on ,https://www.congress.gov/congressional-record/2022/2/17/daily-digest
63,House,02/17/2022,,,,NS,The House was not in session today. The House is scheduled to meet at 10 a.m. on Friday February 18 2022. Subcommittee on Health Employment Labor and Pensions held a hearing entitled ``Exploring Pathways to Affordable Universal Health Coverage. Testimony was heard from public witnesses. ,https://www.congress.gov/congressional-record/2022/2/17/daily-digest
64,Senate,02/18/2022,,,,pf,The Senate met at 9:00:10 a.m. in pro forma session and adjourned at 9:00:43 a.m. until 3 p.m. on Tuesday February 22 2022.No committee meetings were held.,https://www.congress.gov/congressional-record/2022/2/18/daily-digest
65,House,02/18/2022,10:00AM,10:05AM,5.0,pf,Adjournment: The House met at 10 a.m. and adjourned at 10:05 a.m. ,https://www.congress.gov/congressional-record/2022/2/18/daily-digest
66,Senate,02/22/2022,,,,pf,The Senate met at 3 p.m. in pro forma session and adjourned at 3:00:35 p.m. until 2 p.m. on Friday February 25 2022.No committee meetings were held.,https://www.congress.gov/congressional-record/2022/2/22/daily-digest
67,House,02/22/2022,12:30PM,12:32PM,2.0,pf,Adjournment: The House met at 12:30 p.m. and adjourned at 12:32 p.m.  ,https://www.congress.gov/congressional-record/2022/2/22/daily-digest
68,Senate,02/25/2022,,,,pf,The Senate met at 2:03:20 p.m. in pro forma session and adjourned at 2:04:01 p.m. until 3 p.m. on Monday February 28 2022.No committee meetings were held.,https://www.congress.gov/congressional-record/2022/2/25/daily-digest
69,House,02/25/2022,12:30PM,12:34PM,4.0,pf,Adjournment: The House met at 12:30 p.m. and adjourned at 12:34 p.m. ,https://www.congress.gov/congressional-record/2022/2/25/daily-digest
70,Senate,02/28/2022,15:00PM,21:48PM,408.0,x,Adjournment: Senate convened at 3 p.m. and adjourned at 9:48 p.m. until 10:15 a.m. on Tuesday March 1 2022. (For Senates program see the remarks of the Majority Leader in todays Record on ,https://www.congress.gov/congressional-record/2022/2/28/daily-digest
71,House,02/28/2022,14:00PM,19:54PM,354.0,x,Adjournment: The House met at 2 p.m. and adjourned at 7:54 p.m. pursuant to ,https://www.congress.gov/congressional-record/2022/2/28/daily-digest
72,Senate,03/01/2022,10:15AM,22:27PM,732.0,x,Adjournment: Senate convened at 10:15 a.m. and adjourned at 10:27 p.m. until 11 a.m. on Wednesday March 2 2022. (For Senates program see the remarks of the Majority Leader in todays Record on ,https://www.congress.gov/congressional-record/2022/3/1/daily-digest
73,House,03/01/2022,10:00AM,22:28PM,748.0,x,Adjournment: The House met at 10 a.m. and adjourned at 10:28 p.m.   ,https://www.congress.gov/congressional-record/2022/3/1/daily-digest
74,Senate,03/02/2022,11:00AM,19:10PM,490.0,x,Adjournment: Senate convened at 11 a.m. and adjourned at 7:10 p.m. until 10 a.m. on Thursday March 3 2022. (For Senates program see the remarks of the Majority Leader in todays Record on ,https://www.congress.gov/congressional-record/2022/3/2/daily-digest
75,House,03/02/2022,10:00AM,19:42PM,582.0,x,Adjournment: The House met at 10 a.m. and adjourned at 7:42 p.m.  ,https://www.congress.gov/congressional-record/2022/3/2/daily-digest
76,Senate,03/03/2022,10:00AM,15:43PM,343.0,x,Adjournment: Senate convened at 10 a.m. and adjourned at 3:43 p.m. until 3 p.m. on Monday March 7 2022. (For Senates program see the remarks of the Acting Majority Leader in todays Record on ,https://www.congress.gov/congressional-record/2022/3/3/daily-digest
77,House,03/03/2022,09:00AM,13:39PM,279.0,x,Adjournment: The House met at 9 a.m. and adjourned at 1:39 p.m.   ,https://www.congress.gov/congressional-record/2022/3/3/daily-digest
78,Senate,03/07/2022,,,,INPUT BY HAND,,https://www.congress.gov/congressional-record/2022/3/7/daily-digest
79,House,03/07/2022,12:00PM,20:48PM,528.0,x,Adjournment: The House met at 12 p.m. and adjourned at 8:48 p.m. ,https://www.congress.gov/congressional-record/2022/3/7/daily-digest
80,Senate,03/08/2022,,,,INPUT BY HAND,,https://www.congress.gov/congressional-record/2022/3/8/daily-digest
81,House,03/08/2022,10:00AM,00:30AM,-570.0,INPUT BY HAND,,https://www.congress.gov/congressional-record/2022/3/8/daily-digest
82,Senate,03/09/2022,,,,INPUT BY HAND,,https://www.congress.gov/congressional-record/2022/3/9/daily-digest
83,House,03/09/2022,,,,INPUT BY HAND,,https://www.congress.gov/congressional-record/2022/3/9/daily-digest
84,Senate,03/10/2022,10:00AM,22:27PM,747.0,x,Adjournment: Senate convened at 10 a.m. and adjourned at 10:27 p.m. until 3 p.m. on Monday March 14 2022. (For Senates program see the remarks of the Majority Leader in todays Record on ,https://www.congress.gov/congressional-record/2022/3/10/daily-digest
85,House,03/10/2022,,,,NS,The House was not in session today. The House is scheduled to meet at 10 a.m. on Friday March 11 2022.No hearings were held.,https://www.congress.gov/congressional-record/2022/3/10/daily-digest
86,Senate,03/11/2022,,,,NS,The Senate was not in session and stands adjourned until 3 p.m. on Monday March 14 2022.No committee meetings were held.,https://www.congress.gov/congressional-record/2022/3/11/daily-digest
87,House,03/11/2022,10:00AM,10:03AM,3.0,pf,Adjournment: The House met at 10 a.m. and adjourned at 10:03 a.m.  ,https://www.congress.gov/congressional-record/2022/3/11/daily-digest
88,Senate,03/14/2022,15:00PM,19:32PM,272.0,x,Adjournment: Senate convened at 3 p.m. and adjourned at 7:32 p.m. until 10 a.m. on Tuesday March 15 2022. (For Senates program see the remarks of the Majority Leader in todays Record on ,https://www.congress.gov/congressional-record/2022/3/14/daily-digest
89,House,03/14/2022,,,,NS,The House was not in session today. The House is scheduled to meet at 12 p.m. on Tuesday March 15 2022.No hearings were held. ,https://www.congress.gov/congressional-record/2022/3/14/daily-digest
90,Senate,03/15/2022,10:00AM,19:54PM,594.0,x,Adjournment: Senate convened at 10 a.m. and adjourned at 7:54 p.m. until 10:30 a.m. on Wednesday March 16 2022. (For Senates program see the remarks of the Majority Leader in todays Record on ,https://www.congress.gov/congressional-record/2022/3/15/daily-digest
91,House,03/15/2022,12:00PM,20:16PM,496.0,x,Adjournment:  The House met at 12 p.m. and adjourned at 8:16 p.m.   ,https://www.congress.gov/congressional-record/2022/3/15/daily-digest
92,Senate,03/16/2022,10:30AM,21:29PM,659.0,x,Adjournment: Senate convened at 10:30 a.m. and adjourned at 9:29 p.m. until 10 a.m. on Thursday March 17 2022. (For Senates program see the remarks of the Majority Leader in todays Record on ,https://www.congress.gov/congressional-record/2022/3/16/daily-digest
93,House,03/16/2022,10:00AM,18:52PM,532.0,x,Adjournment: The House met at 10 a.m. and adjourned at 6:52 p.m. ,https://www.congress.gov/congressional-record/2022/3/16/daily-digest
94,Senate,03/17/2022,10:00AM,16:07PM,367.0,x,Adjournment: Senate convened at 10 a.m. and adjourned at 4:07 p.m. until 3 p.m. on Monday March 21 2022. (For Senates program see the remarks of the Acting Majority Leader in todays Record on page ,https://www.congress.gov/congressional-record/2022/3/17/daily-digest
95,House,03/17/2022,10:00AM,18:46PM,526.0,x,Adjournment: The House met at 10 a.m. and adjourned at 6:46 p.m.   ,https://www.congress.gov/congressional-record/2022/3/17/daily-digest
96,Senate,03/18/2022,,,,NS,The Senate was not in session and stands adjourned until 3 p.m. on Monday March 21 2022.No committee meetings were held.,https://www.congress.gov/congressional-record/2022/3/18/daily-digest
97,House,03/18/2022,09:00AM,12:17PM,197.0,x,Adjournment: The House met at 9 a.m. and adjourned at 12:17 p.m. ,https://www.congress.gov/congressional-record/2022/3/18/daily-digest
98,Senate,03/21/2022,15:03PM,18:58PM,235.0,x,Adjournment: Senate convened at 3:03 p.m. and adjourned at 6:58 p.m. until 10 a.m. on Tuesday March 22 2022. (For Senates program see the remarks of the Majority Leader in todays Record on ,https://www.congress.gov/congressional-record/2022/3/21/daily-digest
99,House,03/21/2022,13:00PM,13:24PM,24.0,pf,Adjournment: The House met at 1 p.m. and adjourned at 1:24 p.m.  ,https://www.congress.gov/congressional-record/2022/3/21/daily-digest
100,Senate,03/22/2022,10:00AM,18:59PM,539.0,x,Adjournment: Senate convened at 10 a.m. and adjourned at 6:59 p.m. until 10 a.m. on Wednesday March 23 2022. (For Senates program see the remarks of the Acting Majority Leader in todays Record on ,https://www.congress.gov/congressional-record/2022/3/22/daily-digest
101,House,03/22/2022,,,,NS,The House was not in session today. The House is scheduled to meet at 1 p.m. on Thursday March 24 2022No hearings were held.,https://www.congress.gov/congressional-record/2022/3/22/daily-digest
102,Senate,03/23/2022,10:00AM,21:51PM,711.0,x,Adjournment: Senate convened at 10 a.m. and adjourned at 9:51 p.m. until 10 a.m. on Thursday March 24 2022. (For Senates program see the remarks of the Majority Leader in todays Record on ,https://www.congress.gov/congressional-record/2022/3/23/daily-digest
103,House,03/23/2022,,,,NS,The House was not in session today. The House is scheduled to meet at 1 p.m. on Thursday March 24 2022.No hearings were held. ,https://www.congress.gov/congressional-record/2022/3/23/daily-digest
104,Senate,03/24/2022,10:00AM,16:19PM,379.0,x,Adjournment: Senate convened at 10 a.m. and adjourned at 4:19 p.m. until 3 p.m. on Monday March 28 2022. (For Senates program see the remarks of the Acting Majority Leader in todays Record on ,https://www.congress.gov/congressional-record/2022/3/24/daily-digest
105,House,03/24/2022,13:00PM,13:02PM,2.0,pf,Adjournment: The House met at 1 p.m. and adjourned at 1:02 p.m.   ,https://www.congress.gov/congressional-record/2022/3/24/daily-digest
106,Senate,03/28/2022,15:00PM,19:35PM,275.0,x,Adjournment: Senate convened at 3 p.m. and adjourned at 7:35 p.m. until 10 a.m. on Tuesday March 29 2022. (For Senates program see the remarks of the Majority Leader in todays Record on ,https://www.congress.gov/congressional-record/2022/3/28/daily-digest
107,House,03/28/2022,14:00PM,19:33PM,333.0,x,Adjournment: The House met at 2 p.m. and adjourned at 7:33 p.m. pursuant to ,https://www.congress.gov/congressional-record/2022/3/28/daily-digest
108,Senate,03/29/2022,1900-01-01 10:00:00,,,INPUT BY HAND,,https://www.congress.gov/congressional-record/2022/3/29/daily-digest
109,House,03/29/2022,15:00PM,20:31PM,331.0,x,Adjournment: The House met at 3 p.m. and adjourned at 8:31 p.m.   ,https://www.congress.gov/congressional-record/2022/3/29/daily-digest
110,Senate,03/30/2022,10:00AM,22:34PM,754.0,x,Adjournment: Senate convened at 10 a.m. and adjourned at 10:34 p.m. until 10 a.m. on Thursday March 31 2022. (For Senates program see the remarks of the Acting Majority Leader in todays Record on ,https://www.congress.gov/congressional-record/2022/3/30/daily-digest
111,House,03/30/2022,10:00AM,16:36PM,396.0,x,Adjournment: The House met at 10 a.m. and adjourned at 4:36 p.m. ,https://www.congress.gov/congressional-record/2022/3/30/daily-digest
112,Senate,03/31/2022,,,,INPUT BY HAND,,https://www.congress.gov/congressional-record/2022/3/31/daily-digest
113,House,03/31/2022,10:00AM,20:25PM,625.0,x,Adjournment: The House met at 10 a.m. and adjourned at 8:25 p.m. ,https://www.congress.gov/congressional-record/2022/3/31/daily-digest
114,Senate,04/01/2022,,,,NS,The Senate was not in session and stands in recess until 3 p.m. on Monday April 4 2022.No committee meetings were held.,https://www.congress.gov/congressional-record/2022/4/1/daily-digest
115,House,04/01/2022,09:00AM,14:26PM,326.0,x,Adjournment: The House met at 9 a.m. and adjourned at 2:26 p.m. ,https://www.congress.gov/congressional-record/2022/4/1/daily-digest
116,Senate,04/04/2022,15:00PM,19:46PM,286.0,x,Adjournment: Senate convened at 3 p.m. and adjourned at 7:46 p.m. until 10 a.m. on Tuesday April 5 2022. (For Senates program see the remarks of the Majority Leader in todays Record on ,https://www.congress.gov/congressional-record/2022/4/4/daily-digest
117,House,04/04/2022,12:00PM,20:13PM,493.0,x,Adjournment: The House met at 12 p.m. and adjourned at 8:13 p.m. ,https://www.congress.gov/congressional-record/2022/4/4/daily-digest
118,Senate,04/05/2022,10:00AM,19:22PM,562.0,x,Adjournment: Senate convened at 10 a.m. and adjourned at 7:22 p.m. until 10 a.m. on Wednesday April 6 2022. (For Senates program see the remarks of the Acting Majority Leader in todays Record on ,https://www.congress.gov/congressional-record/2022/4/5/daily-digest
119,House,04/05/2022,10:00AM,17:08PM,428.0,x,Adjournment: The House met at 10 a.m. and adjourned at 5:08 p.m. ,https://www.congress.gov/congressional-record/2022/4/5/daily-digest
120,Senate,04/06/2022,10:00AM,21:35PM,695.0,x,Adjournment: Senate convened at 10 a.m. and adjourned at 9:35 p.m. until 9:30 a.m. on Thursday April 7 2022. (For Senates program see the remarks of the Majority Leader in todays Record on ,https://www.congress.gov/congressional-record/2022/4/6/daily-digest
121,House,04/06/2022,10:00AM,21:01PM,661.0,x,Adjournment: The House met at 10 a.m. and adjourned at 9:01 p.m.   ,https://www.congress.gov/congressional-record/2022/4/6/daily-digest
122,Senate,04/07/2022,1900-01-01 09:30:00,,,INPUT BY HAND,,https://www.congress.gov/congressional-record/2022/4/7/daily-digest
123,House,04/07/2022,09:00AM,14:29PM,329.0,x,Adjournment:  The House met at 9 a.m. and adjourned at 2:29 p.m.    ,https://www.congress.gov/congressional-record/2022/4/7/daily-digest
124,Senate,04/11/2022,,,,pf,The Senate met at 11:30 a.m. in pro forma session and adjourned at 11:32 a.m. until 11 a.m. on Thursday April 14 2022.A unanimous-consent agreement was reached providing that the pro forma session scheduled for 4 p.m. on Monday April 18 2022 now be scheduled to occur at 12:30 p.m. on Monday April 18 2022; and that the pro forma session scheduled for 12 noon on Thursday April 21 2022 now be scheduled to occur at 8:45 a.m. on Thursday April 21 2022.,https://www.congress.gov/congressional-record/2022/4/11/daily-digest
125,House,04/11/2022,10:30AM,10:33AM,3.0,pf,Adjournment:The House met at 10:30 a.m. and adjourned at 10:33 a.m.,https://www.congress.gov/congressional-record/2022/4/11/daily-digest
126,Senate,04/14/2022,,,,pf,The Senate met at 11 a.m. in pro forma session and adjourned at 11:00:08 a.m. until 12:30 p.m. on Monday April 18 2022.No committee meetings were held.,https://www.congress.gov/congressional-record/2022/4/14/daily-digest
127,House,04/14/2022,13:00PM,13:03PM,3.0,pf,Adjournment: The House met at 1 p.m. and adjourned at 1:03 p.m.   ,https://www.congress.gov/congressional-record/2022/4/14/daily-digest
128,Senate,04/18/2022,,,,pf,The Senate met at 12:40:01 p.m. in pro forma session and adjourned at 12:40:30 p.m. until 8:45 a.m. on Thursday April 21 2022.––––––No committee meetings were held.,https://www.congress.gov/congressional-record/2022/4/18/daily-digest
129,House,04/18/2022,13:00PM,13:02PM,2.0,pf,Adjournment: The House met at 1 p.m. and adjourned at 1:02 p.m.   ,https://www.congress.gov/congressional-record/2022/4/18/daily-digest
130,Senate,04/21/2022,,,,pf,The Senate met at 8:57:50 a.m. in pro forma session and adjourned at 8:58:22 a.m. until 3 p.m. on Monday April 25 2022.––––––No committee meetings were held.,https://www.congress.gov/congressional-record/2022/4/21/daily-digest
131,House,04/21/2022,09:00AM,09:02AM,2.0,pf,Adjournment: The House met at 9 a.m. and adjourned at 9:02 a.m.  ,https://www.congress.gov/congressional-record/2022/4/21/daily-digest
132,Senate,04/25/2022,15:00PM,18:51PM,231.0,x,Adjournment: Senate convened at 3 p.m. and adjourned at 6:51 p.m. until 10 a.m. on Tuesday April 26 2022. (For Senates program see the remarks of the Acting Majority Leader in todays Record on ,https://www.congress.gov/congressional-record/2022/4/25/daily-digest
133,House,04/25/2022,12:30PM,12:33PM,3.0,pf,Adjournment: The House met at 12:30 p.m. and adjourned at 12:33 p.m.   ,https://www.congress.gov/congressional-record/2022/4/25/daily-digest
134,Senate,04/26/2022,10:00AM,18:38PM,518.0,x,Adjournment: Senate convened at 10 a.m. and adjourned at 6:38 p.m. until 2 p.m. on Wednesday April 27 2022. (For Senates program see the remarks of the Acting Majority Leader in todays Record on page S,https://www.congress.gov/congressional-record/2022/4/26/daily-digest
135,House,04/26/2022,14:00PM,20:11PM,371.0,x,Adjournment: The House met at 2 p.m. and adjourned at 8:11 p.m. ,https://www.congress.gov/congressional-record/2022/4/26/daily-digest
136,Senate,04/27/2022,14:00PM,21:11PM,431.0,x,Adjournment: Senate convened at 2 p.m. and adjourned at 9:11 p.m. until 10 a.m. on Thursday April 28 2022. (For Senates program see the remarks of the Majority Leader in todays Record on ,https://www.congress.gov/congressional-record/2022/4/27/daily-digest
137,House,04/27/2022,10:00AM,20:00PM,600.0,x,Adjournment: The House met at 10 a.m. and adjourned at 8 p.m. ,https://www.congress.gov/congressional-record/2022/4/27/daily-digest
138,Senate,04/28/2022,10:00AM,16:05PM,365.0,x,Adjournment: Senate convened at 10 a.m. and adjourned at 4:05 p.m. until 3 p.m. on Monday May 2 2022. (For Senates program see the remarks of the Majority Leader in todays Record on ,https://www.congress.gov/congressional-record/2022/4/28/daily-digest
139,House,04/28/2022,10:00AM,17:12PM,432.0,x,Adjournment: The House met at 10 a.m. and adjourned at 5:12 p.m.   ,https://www.congress.gov/congressional-record/2022/4/28/daily-digest
140,Senate,04/29/2022,,,,NS,The Senate was not in session and stands adjourned until 3 p.m. on Monday May 2 2022.––––––No committee meetings were held.,https://www.congress.gov/congressional-record/2022/4/29/daily-digest
141,House,04/29/2022,10:30AM,10:33AM,3.0,pf,Adjournment: The House met at 10:30 a.m. and adjourned at 10:33 a.m.  ,https://www.congress.gov/congressional-record/2022/4/29/daily-digest
142,Senate,05/02/2022,15:00PM,18:51PM,231.0,x,Adjournment: Senate convened at 3 p.m. and adjourned at 6:51 p.m. until 10 a.m. on Tuesday May 3 2022. (For Senates program see the remarks of the Acting Majority Leader in todays Record on ,https://www.congress.gov/congressional-record/2022/5/2/daily-digest
143,House,05/02/2022,,,,NS,The House was not in session today. The House is scheduled to meet at 10 a.m. on Tuesday May 3 2022.No hearings were held. ,https://www.congress.gov/congressional-record/2022/5/2/daily-digest
144,Senate,05/03/2022,10:00AM,19:37PM,577.0,x,Adjournment: Senate convened at 10 a.m. and adjourned at 7:37 p.m. until 10:00 a.m. on Wednesday May 4 2022. (For Senates program see the remarks of the Majority Leader in todays Record on ,https://www.congress.gov/congressional-record/2022/5/3/daily-digest
145,House,05/03/2022,10:00AM,10:03AM,3.0,pf,Adjournment: The House met at 10 a.m. and adjourned at 10:03 a.m. ,https://www.congress.gov/congressional-record/2022/5/3/daily-digest
146,Senate,05/04/2022,10:00AM,22:13PM,733.0,x,Adjournment: Senate convened at 10 a.m. and adjourned at 10:13 p.m. until 11 a.m. on Thursday May 5 2022. (For Senates program see the remarks of the Acting Majority Leader in todays Record on ,https://www.congress.gov/congressional-record/2022/5/4/daily-digest
147,House,05/04/2022,,,,NS,The House was not in session today. The House is scheduled to meet at 10 a.m. on Friday May 6 2022.No hearings were held.,https://www.congress.gov/congressional-record/2022/5/4/daily-digest
148,Senate,05/05/2022,,,,NS,The House was not in session today. The House is scheduled to meet at 10 a.m. on Friday May 6 2022.,https://www.congress.gov/congressional-record/2022/5/5/daily-digest
149,House,05/05/2022,,,,NS,The House was not in session today. The House is scheduled to meet at 10 a.m. on Friday May 6 2022.No hearings were held.,https://www.congress.gov/congressional-record/2022/5/5/daily-digest
150,Senate,05/06/2022,,,,NS,The Senate was not in session and stands adjourned until 3 p.m. on Monday May 9 2022.––––No committee meetings were held.,https://www.congress.gov/congressional-record/2022/5/6/daily-digest
151,House,05/06/2022,10:00AM,10:03AM,3.0,pf,Adjournment: The House met at 10 a.m. and adjourned at 10:03 a.m.,https://www.congress.gov/congressional-record/2022/5/6/daily-digest
152,Senate,05/09/2022,15:00PM,19:03PM,243.0,x,Adjournment: Senate convened at 3 p.m. and adjourned at 7:03 p.m. until 10 a.m. on Tuesday May 10 2022. (For Senates program see the remarks of the Acting Majority Leader in todays Record on ,https://www.congress.gov/congressional-record/2022/5/9/daily-digest
153,House,05/09/2022,,,,NS,The House was not in session today. The House is scheduled to meet at 2 p.m. on Tuesday May 10 2022.No hearings were held.,https://www.congress.gov/congressional-record/2022/5/9/daily-digest
154,Senate,05/10/2022,20:47PM,20:47PM,0.0,INPUT BY HAND,,https://www.congress.gov/congressional-record/2022/5/10/daily-digest
155,House,05/10/2022,14:00PM,23:08PM,548.0,x,Adjournment: The House met at 2 p.m. and adjourned at 11:08 p.m. ,https://www.congress.gov/congressional-record/2022/5/10/daily-digest
156,Senate,05/11/2022,,,,INPUT BY HAND,,https://www.congress.gov/congressional-record/2022/5/11/daily-digest
157,House,05/11/2022,,,,INPUT BY HAND,,https://www.congress.gov/congressional-record/2022/5/11/daily-digest
158,Senate,05/12/2022,10:00AM,17:22PM,442.0,x,Adjournment: Senate convened at 10 a.m. and adjourned at 5:22 p.m. until 3 p.m. on Monday May 16 2022. (For Senates program see the remarks of the Majority Leader in todays Record on ,https://www.congress.gov/congressional-record/2022/5/12/daily-digest
159,House,05/12/2022,10:00AM,19:09PM,549.0,x,Adjournment: The House met at 10 a.m. and adjourned at 7:09 p.m.   ,https://www.congress.gov/congressional-record/2022/5/12/daily-digest
160,Senate,05/13/2022,,,,NS,The Senate was not in session and stands adjourned until 3 p.m. on Monday May 16 2022.––––––No committee meetings were held.,https://www.congress.gov/congressional-record/2022/5/13/daily-digest
161,House,05/13/2022,09:00AM,14:47PM,347.0,x,Adjournment: The House met at 9 a.m. and adjourned at 2:47 p.m.  ,https://www.congress.gov/congressional-record/2022/5/13/daily-digest
162,Senate,05/16/2022,15:00PM,19:24PM,264.0,x,Adjournment: Senate convened at 3 p.m. and adjourned at 7:24 p.m. until 2:30 p.m. on Tuesday May 17 2022. (For Senates program see the remarks of the Majority Leader in todays Record on ,https://www.congress.gov/congressional-record/2022/5/16/daily-digest
163,House,05/16/2022,12:00PM,19:56PM,476.0,x,Adjournment: The House met at 12 p.m. and adjourned at 7:56 p.m. ,https://www.congress.gov/congressional-record/2022/5/16/daily-digest
164,Senate,05/17/2022,14:30PM,20:00PM,330.0,x,Adjournment: Senate convened at 2:30 p.m. and recessed at 8 p.m. until 10 a.m. on Wednesday May 18 2022. (For Senates program see the remarks of the Majority Leader in todays Record on ,https://www.congress.gov/congressional-record/2022/5/17/daily-digest
165,House,05/17/2022,09:00AM,22:00PM,780.0,x,Adjournment: The House met at 9 a.m. and adjourned at 10 p.m.   ,https://www.congress.gov/congressional-record/2022/5/17/daily-digest
166,Senate,05/18/2022,,,,INPUT BY HAND,,https://www.congress.gov/congressional-record/2022/5/18/daily-digest
167,House,05/18/2022,12:00PM,22:59PM,659.0,x,Adjournment: The House met at 12 p.m. and adjourned at 10:59 p.m.  ,https://www.congress.gov/congressional-record/2022/5/18/daily-digest
168,Senate,05/19/2022,,,,INPUT BY HAND,,https://www.congress.gov/congressional-record/2022/5/19/daily-digest
169,House,05/19/2022,,,,INPUT BY HAND,,https://www.congress.gov/congressional-record/2022/5/19/daily-digest
170,Senate,05/20/2022,,,,NS,The Senate was not in session and stands adjourned until 1:45 p.m. on Monday May 23 2022.No committee meetings were held.,https://www.congress.gov/congressional-record/2022/5/20/daily-digest
171,House,05/20/2022,09:30AM,09:33AM,3.0,pf,Adjournment: The House met at 9:30 a.m. and adjourned at 9:33 a.m. ,https://www.congress.gov/congressional-record/2022/5/20/daily-digest
172,Senate,05/23/2022,,,,pf,The Senate met at 1:45 p.m. in pro forma session and adjourned at 1:45:35 p.m. until 10 a.m. on Tuesday May 24 2022.No committee meetings were held.,https://www.congress.gov/congressional-record/2022/5/23/daily-digest
173,House,05/23/2022,,,,NS,The House was not in session today. The House is scheduled to meet at 10 a.m. on Tuesday May 24 2022.No hearings were held. ,https://www.congress.gov/congressional-record/2022/5/23/daily-digest
174,Senate,05/24/2022,10:00AM,21:02PM,662.0,x,Adjournment: Senate convened at 10 a.m. and adjourned at 9:02 p.m. until 10 a.m. on Wednesday May 25 2022. (For Senates program see the remarks of the Acting Majority Leader in todays Record on ,https://www.congress.gov/congressional-record/2022/5/24/daily-digest
175,House,05/24/2022,10:00AM,10:02AM,2.0,pf,Adjournment: The House met at 10 a.m. and adjourned at 10:02 a.m.   ,https://www.congress.gov/congressional-record/2022/5/24/daily-digest
176,Senate,05/25/2022,10:00AM,22:17PM,737.0,x,Adjournment: Senate convened at 10 a.m. and adjourned at 10:17 p.m. until 10 a.m. on Thursday May 26 2022. (For Senates program see the remarks of the Majority Leader in todays Record on ,https://www.congress.gov/congressional-record/2022/5/25/daily-digest
177,House,05/25/2022,,,,NS,The House was not in session today. The House is scheduled to meet at 9 a.m. on Friday May 27 2022. Subcommittee on Conservation and Forestry held a hearing entitled ``Supporting Careers in Conservation: Workforce Training Education and Job Opportunities. Testimony was heard from public witnesses. ,https://www.congress.gov/congressional-record/2022/5/25/daily-digest
178,Senate,05/26/2022,,,,NS,The House was not in session today. The House is scheduled to meet at 9 a.m. on Friday May 27 2022.,https://www.congress.gov/congressional-record/2022/5/26/daily-digest
179,House,05/26/2022,,,,NS,The House was not in session today. The House is scheduled to meet at 9 a.m. on Friday May 27 2022. Subcommittee on Labor Health and Human Services Education and Related Agencies held a hearing entitled ``Fiscal Year 2023 Public Witness Day. Testimony was heard from public witnesses. ,https://www.congress.gov/congressional-record/2022/5/26/daily-digest
180,Senate,05/27/2022,,,,pf,The Senate met at 9:30:03 a.m. in pro forma session and adjourned at 9:30:33 a.m. until 11 a.m. on Tuesday May 31 2022.No committee meetings were held.,https://www.congress.gov/congressional-record/2022/5/27/daily-digest
181,House,05/27/2022,09:00AM,09:03AM,3.0,pf,Adjournment: The House met at 9 a.m. and adjourned at 9:03 a.m. ,https://www.congress.gov/congressional-record/2022/5/27/daily-digest
182,Senate,05/31/2022,,,,pf,The Senate met at 11 a.m. in pro forma session and adjourned at 11:01:05 a.m. until 4:30 p.m. on Friday June 3 2022.No committee meetings were held.,https://www.congress.gov/congressional-record/2022/5/31/daily-digest
183,House,05/31/2022,11:00AM,11:06AM,6.0,pf,Adjournment: The House met at 11 a.m. and adjourned at 11:06 a.m. ,https://www.congress.gov/congressional-record/2022/5/31/daily-digest
184,Senate,06/03/2022,,,,pf,The Senate met at 4:32:08 p.m. in pro forma session and adjourned at 4:32:50 p.m. until 3 p.m. on Monday June 6 2022.––––––No committee meetings were held.,https://www.congress.gov/congressional-record/2022/6/3/daily-digest
185,House,06/03/2022,09:00AM,09:04AM,4.0,pf,Adjournment: The House met at 9 a.m. and adjourned at 9:04 a.m.  ,https://www.congress.gov/congressional-record/2022/6/3/daily-digest
186,Senate,06/06/2022,15:00PM,18:52PM,232.0,x,Adjournment: Senate convened at 3 p.m. and adjourned at 6:52 p.m. until 10 a.m. on Tuesday June 7 2022. (For Senates program see the remarks of the Acting Majority Leader in todays Record on ,https://www.congress.gov/congressional-record/2022/6/6/daily-digest
187,House,06/06/2022,,,,NS,The House was not in session today. The House is scheduled to meet at 2 p.m. on Tuesday June 7 2022.No hearings were held.,https://www.congress.gov/congressional-record/2022/6/6/daily-digest
188,Senate,06/07/2022,,,,INPUT BY HAND,Days in sessionTime in session,https://www.congress.gov/congressional-record/2022/6/7/daily-digest
189,House,06/07/2022,14:00PM,20:26PM,386.0,x,Adjournment: The House met at 2 p.m. and adjourned at 8:26 p.m.  ,https://www.congress.gov/congressional-record/2022/6/7/daily-digest
190,Senate,06/08/2022,10:00AM,18:16PM,496.0,x,Adjournment: Senate convened at 10 a.m. and adjourned at 6:16 p.m. until 10 a.m. on Thursday June 9 2022. (For Senates program see the remarks of the Acting Majority Leader in todays Record on ,https://www.congress.gov/congressional-record/2022/6/8/daily-digest
191,House,06/08/2022,10:00AM,21:10PM,670.0,x,Adjournment: The House met at 10 a.m. and adjourned at 9:10 p.m.,https://www.congress.gov/congressional-record/2022/6/8/daily-digest
192,Senate,06/09/2022,10:00AM,15:48PM,348.0,x,Adjournment: Senate convened at 10 a.m. and adjourned at 3:48 p.m. until 3 p.m. on Monday June 13 2022. (For Senates program see the remarks of the Majority Leader in todays Record on ,https://www.congress.gov/congressional-record/2022/6/9/daily-digest
193,House,06/09/2022,09:00AM,13:52PM,292.0,x,Adjournment: The House met at 9 a.m. and adjourned at 1:52 p.m.,https://www.congress.gov/congressional-record/2022/6/9/daily-digest
194,Senate,06/13/2022,15:00PM,18:48PM,228.0,x,Adjournment: Senate convened at 3 p.m. and adjourned at 6:48 p.m. until 11 a.m. on Tuesday June 14 2022. (For Senates program see the remarks of the Acting Majority Leader in todays Record on ,https://www.congress.gov/congressional-record/2022/6/13/daily-digest
195,House,06/13/2022,12:00PM,22:00PM,600.0,x,Adjournment: The House met at 12 p.m. and adjourned at 10 p.m.   ,https://www.congress.gov/congressional-record/2022/6/13/daily-digest
196,Senate,06/14/2022,11:00AM,18:55PM,475.0,x,Adjournment: Senate convened at 11 a.m. and adjourned at 6:55 p.m. until 10 a.m. on Wednesday June 15 2022. (For Senates program see the remarks of the Acting Majority Leader in todays Record on ,https://www.congress.gov/congressional-record/2022/6/14/daily-digest
197,House,06/14/2022,10:00AM,20:33PM,633.0,x,Adjournment: The House met at 10 a.m. and adjourned at 8:33 p.m.  ,https://www.congress.gov/congressional-record/2022/6/14/daily-digest
198,Senate,06/15/2022,10:00AM,19:46PM,586.0,x,Adjournment: Senate convened at 10 a.m. and adjourned at 7:46 p.m. until 10 a.m. on Thursday June 16 2022. (For Senates program see the remarks of the Acting Majority Leader in todays Record on ,https://www.congress.gov/congressional-record/2022/6/15/daily-digest
199,House,06/15/2022,10:00AM,18:47PM,527.0,x,Adjournment: The House met at 10 a.m. and adjourned at 6:47 p.m.   ,https://www.congress.gov/congressional-record/2022/6/15/daily-digest
200,Senate,06/16/2022,10:00AM,16:22PM,382.0,x,Adjournment: Senate convened at 10 a.m. and adjourned at 4:22 p.m. until 8:30 a.m. on Friday June 17 2022. (For Senates program see the remarks of the Acting Majority Leader in todays Record on ,https://www.congress.gov/congressional-record/2022/6/16/daily-digest
201,House,06/16/2022,09:00AM,13:55PM,295.0,x,Adjournment: The House met at 9 a.m. and adjourned at 1:55 p.m.   ,https://www.congress.gov/congressional-record/2022/6/16/daily-digest
202,Senate,06/17/2022,,,,pf,The Senate met at 8:30:32 a.m. in pro forma session and adjourned at 8:31:11 a.m. until 3 p.m. on Tuesday June 21 2022. No committee meetings were held.,https://www.congress.gov/congressional-record/2022/6/17/daily-digest
203,House,06/17/2022,13:00PM,13:04PM,4.0,pf,Adjournment: The House met at 1 p.m. and adjourned at 1:04 p.m. ,https://www.congress.gov/congressional-record/2022/6/17/daily-digest
204,Senate,06/21/2022,15:00PM,22:07PM,427.0,x,Adjournment: Senate convened at 3 p.m. and adjourned at 10:07 p.m. until 11 a.m. on Wednesday June 22 2022. (For Senates program see the remarks of the Majority Leader in todays Record on ,https://www.congress.gov/congressional-record/2022/6/21/daily-digest
205,House,06/21/2022,,1900-01-01 21:06:00,,INPUT BY HAND,,https://www.congress.gov/congressional-record/2022/6/21/daily-digest
206,Senate,06/22/2022,11:00AM,20:15PM,555.0,x,Adjournment: Senate convened at 11 a.m. and adjourned at 8:15 p.m. until 10 a.m. on Thursday June 23 2022. (For Senates program see the remarks of the Acting Majority Leader in todays Record on ,https://www.congress.gov/congressional-record/2022/6/22/daily-digest
207,House,06/22/2022,10:00AM,20:39PM,639.0,x,Adjournment: The House met at 10 a.m. and adjourned at 8:39 p.m.  ,https://www.congress.gov/congressional-record/2022/6/22/daily-digest
208,Senate,06/23/2022,10:00AM,22:46PM,766.0,x,Adjournment: Senate convened at 10 a.m. and adjourned at 10:46 p.m. until 10:30 a.m. on Friday June 24 2022. (For Senates program see the remarks of the Majority Leader in todays Record on ,https://www.congress.gov/congressional-record/2022/6/23/daily-digest
209,House,06/23/2022,10:00AM,22:00PM,720.0,x,Adjournment: The House met at 10 a.m. and adjourned at 10 p.m.  ,https://www.congress.gov/congressional-record/2022/6/23/daily-digest
210,Senate,06/24/2022,,,,pf,The Senate met at 10:30:07 a.m. in pro forma session and adjourned at 10:30:38 a.m. until 3:30 p.m. on Tuesday June 28 2022.No committee meetings were held.,https://www.congress.gov/congressional-record/2022/6/24/daily-digest
211,House,06/24/2022,09:00AM,14:09PM,309.0,x,Adjournment: The House met at 9 a.m. and adjourned at 2:09 p.m.  ,https://www.congress.gov/congressional-record/2022/6/24/daily-digest
212,Senate,06/28/2022,,,,pf,The Senate met at 3:30:03 p.m. in pro forma session and adjourned at 3:30:38 p.m. until 8:30 a.m. on Friday July 1 2022.No committee meetings were held.,https://www.congress.gov/congressional-record/2022/6/28/daily-digest
213,House,06/28/2022,09:00AM,09:03AM,3.0,pf,Adjournment: The House met at 9 a.m. and adjourned at 9:03 a.m.  ,https://www.congress.gov/congressional-record/2022/6/28/daily-digest
214,Senate,07/01/2022,,,,pf,The Senate met at 8:30:00 a.m. in pro forma session and adjourned at 8:30:31 a.m. until 6:25 a.m. on Tuesday July 5 2022.––––––No committee meetings were held.,https://www.congress.gov/congressional-record/2022/7/1/daily-digest
215,House,07/01/2022,10:00AM,10:02AM,2.0,pf,Adjournment:  The House met at 10 a.m. and adjourned at 10:02 a.m.  ,https://www.congress.gov/congressional-record/2022/7/1/daily-digest
216,Senate,07/05/2022,,,,pf,The Senate met at 6:25:15 a.m. in pro forma session and adjourned at 6:25:45 a.m. until 10:00 a.m. on Thursday July 7 2022.No committee meetings were held.,https://www.congress.gov/congressional-record/2022/7/5/daily-digest
217,House,07/05/2022,10:00AM,10:02AM,2.0,pf,Adjournment: The House met at 10 a.m. and adjourned at 10:02 a.m.   ,https://www.congress.gov/congressional-record/2022/7/5/daily-digest
218,Senate,07/07/2022,,,,pf,The Senate met at 10:00:20 a.m. in pro forma session and adjourned at 10:00:50 a.m. until 3 p.m. on Monday July 11 2022.No committee meetings were held.,https://www.congress.gov/congressional-record/2022/7/7/daily-digest
219,House,07/07/2022,12:00PM,12:02PM,2.0,pf,Adjournment: The House met at 12 p.m. and adjourned at 12:02 p.m.   ,https://www.congress.gov/congressional-record/2022/7/7/daily-digest
220,Senate,07/11/2022,15:00PM,18:51PM,231.0,x,Adjournment: Senate convened at 3 p.m. and adjourned at 6:51 p.m. until 10 a.m. on Tuesday July 12 2022. (For Senates program see the remarks of the Acting Majority Leader in todays Record on ,https://www.congress.gov/congressional-record/2022/7/11/daily-digest
221,House,07/11/2022,14:30PM,14:34PM,4.0,pf,Adjournment: The House met at 2:30 p.m. and adjourned at 2:34 p.m. ,https://www.congress.gov/congressional-record/2022/7/11/daily-digest
222,Senate,07/12/2022,10:00AM,18:19PM,499.0,x,Adjournment: Senate convened at 10 a.m. and adjourned at 6:19 p.m. until 10:30 a.m. on Wednesday July 13 2022. (For Senates program see the remarks of the Acting Majority Leader in todays Record on ,https://www.congress.gov/congressional-record/2022/7/12/daily-digest
223,House,07/12/2022,14:00PM,19:59PM,359.0,x,Adjournment: The House met at 2 p.m. and adjourned at 7:59 p.m.   ,https://www.congress.gov/congressional-record/2022/7/12/daily-digest
224,Senate,07/13/2022,10:31AM,20:46PM,615.0,x,Adjournment: Senate convened at 10:31 a.m. and adjourned at 8:46 p.m. until 10 a.m. on Thursday July 14 2022. (For Senates program see the remarks of the Acting Majority Leader in todays Record on ,https://www.congress.gov/congressional-record/2022/7/13/daily-digest
225,House,07/13/2022,10:00AM,02:28AM,-452.0,INPUT BY HAND,,https://www.congress.gov/congressional-record/2022/7/13/daily-digest
226,Senate,07/14/2022,10:00AM,15:47PM,347.0,x,Adjournment: Senate convened at 10 a.m. and adjourned at 3:47 p.m. until 3 p.m. on Monday July 18 2022. (For Senates program see the remarks of the Acting Majority Leader in todays Record on ,https://www.congress.gov/congressional-record/2022/7/14/daily-digest
227,House,07/14/2022,10:00AM,20:17PM,617.0,x,Adjournment: The House met at 10 a.m. and adjourned at 8:17 p.m.   ,https://www.congress.gov/congressional-record/2022/7/14/daily-digest
228,Senate,07/15/2022,,,,NS,The Senate was not in session and stands adjourned until 3 p.m. on Monday July 18 2022.No committee meetings were held.,https://www.congress.gov/congressional-record/2022/7/15/daily-digest
229,House,07/15/2022,09:00AM,16:24PM,444.0,x,Adjournment: The House met at 9 a.m. and adjourned at 4:24 p.m. ,https://www.congress.gov/congressional-record/2022/7/15/daily-digest
230,Senate,07/18/2022,15:00PM,18:32PM,212.0,x,Adjournment: Senate convened at 3 p.m. and adjourned at 6:32 p.m. until 10 a.m. on Tuesday July 19 2022. (For Senates program see the remarks of the Acting Majority Leader in todays Record on ,https://www.congress.gov/congressional-record/2022/7/18/daily-digest
231,House,07/18/2022,12:00PM,19:19PM,439.0,x,Adjournment: The House met at 12 p.m. and adjourned at 7:19 p.m.  ,https://www.congress.gov/congressional-record/2022/7/18/daily-digest
232,Senate,07/19/2022,10:01AM,21:50PM,709.0,x,Adjournment: Senate convened at 10:01 a.m. and adjourned at 9:50 p.m. until 10 a.m. on Wednesday July 20 2022. (For Senates program see the remarks of the Majority Leader in todays Record on ,https://www.congress.gov/congressional-record/2022/7/19/daily-digest
233,House,07/19/2022,10:00AM,20:36PM,636.0,x,Adjournment: The House met at 10 a.m. and adjourned at 8:36 p.m. ,https://www.congress.gov/congressional-record/2022/7/19/daily-digest
234,Senate,07/20/2022,10:00AM,20:47PM,647.0,x,Adjournment: Senate convened at 10 a.m. and adjourned at 8:47 p.m. until 10 a.m. on Thursday July 21 2022. (For Senates program see the remarks of the Acting Majority Leader in todays Record on ,https://www.congress.gov/congressional-record/2022/7/20/daily-digest
235,House,07/20/2022,10:00AM,17:14PM,434.0,x,Adjournment: The House met at 10 a.m. and adjourned at 5:14 p.m.,https://www.congress.gov/congressional-record/2022/7/20/daily-digest
236,Senate,07/21/2022,10:00AM,16:21PM,381.0,x,Adjournment: Senate convened at 10 a.m. and adjourned at 4:21 p.m. until 3 p.m. on Monday July 25 2022. (For Senates program see the remarks of the Acting Majority Leader in todays Record on ,https://www.congress.gov/congressional-record/2022/7/21/daily-digest
237,House,07/21/2022,09:00AM,13:57PM,297.0,x,Adjournment: The House met at 9 a.m. and adjourned at 1:57 p.m.  ,https://www.congress.gov/congressional-record/2022/7/21/daily-digest
238,Senate,07/22/2022,,,,NS,The Senate was not in session and stands adjourned until 3 p.m. on Monday July 25 2022.No committee meetings were held.,https://www.congress.gov/congressional-record/2022/7/22/daily-digest
239,House,07/22/2022,09:00AM,09:02AM,2.0,pf,Adjournment: The House met at 9 a.m. and adjourned at 9:02 a.m.   ,https://www.congress.gov/congressional-record/2022/7/22/daily-digest
240,Senate,07/25/2022,15:00PM,18:46PM,226.0,x,Adjournment: Senate convened at 3 p.m. and adjourned at 6:46 p.m. until 10 a.m. on Tuesday July 26 2022. (For Senates program see the remarks of the Majority Leader in todays Record on ,https://www.congress.gov/congressional-record/2022/7/25/daily-digest
241,House,07/25/2022,,,,NS,The House was not in session today. The House is scheduled to meet at 12 noon on Tuesday July 26 2022.No hearings were held. ,https://www.congress.gov/congressional-record/2022/7/25/daily-digest
242,Senate,07/26/2022,10:00AM,19:03PM,543.0,x,Adjournment: Senate convened at 10 a.m. and adjourned at 7:03 p.m. until 10 a.m. on Wednesday July 27 2022. (For Senates program see the remarks of the Acting Majority Leader in todays Record on ,https://www.congress.gov/congressional-record/2022/7/26/daily-digest
243,House,07/26/2022,12:00PM,22:00PM,600.0,x,Adjournment: The House met at 12 p.m. and adjourned at 10 p.m. ,https://www.congress.gov/congressional-record/2022/7/26/daily-digest
244,Senate,07/27/2022,10:00AM,19:06PM,546.0,x,Adjournment: Senate convened at 10 a.m. and adjourned at 7:06 p.m. until 10 a.m. on Thursday July 28 2022. (For Senates program see the remarks of the Acting Majority Leader in todays Record on ,https://www.congress.gov/congressional-record/2022/7/27/daily-digest
245,House,07/27/2022,10:00AM,20:22PM,622.0,x,Adjournment:  The House met at 10 a.m. and adjourned at 8:22 p.m.   ,https://www.congress.gov/congressional-record/2022/7/27/daily-digest
246,Senate,07/28/2022,10:00AM,16:28PM,388.0,x,Adjournment: Senate convened at 10 a.m. and adjourned at 4:28 p.m. until 3 p.m. on Monday August 1 2022. (For Senates program see the remarks of the Majority Leader in todays Record on ,https://www.congress.gov/congressional-record/2022/7/28/daily-digest
247,House,07/28/2022,10:00AM,17:01PM,421.0,x,Adjournment: The House met at 10 a.m. and adjourned at 5:01 p.m. ,https://www.congress.gov/congressional-record/2022/7/28/daily-digest
248,Senate,07/29/2022,,,,NS,The Senate was not in session and stands adjourned until 3 p.m. on Monday August 1 2022.––––––No committee meetings were held.,https://www.congress.gov/congressional-record/2022/7/29/daily-digest
249,House,07/29/2022,09:00AM,20:39PM,699.0,x,Adjournment: The House met at 9 a.m. and adjourned at 8:39 p.m.   ,https://www.congress.gov/congressional-record/2022/7/29/daily-digest
250,Senate,08/01/2022,15:00PM,19:21PM,261.0,x,Adjournment: Senate convened at 3 p.m. and adjourned at 7:21 p.m. until 12  noon on Tuesday August 2 2022. (For Senates program see the remarks of the Majority Leader in todays Record on ,https://www.congress.gov/congressional-record/2022/8/1/daily-digest
251,House,08/01/2022,,,,NS,The House was not in session today. The House is scheduled to meet at 3 p.m. on Tuesday August 2 2022.No hearings were held.,https://www.congress.gov/congressional-record/2022/8/1/daily-digest
252,Senate,08/02/2022,,1900-01-01 21:01:00,,INPUT BY HAND,,https://www.congress.gov/congressional-record/2022/8/2/daily-digest
253,House,08/02/2022,15:00PM,15:04PM,4.0,pf,Adjournment: The House met at 3 p.m. and adjourned at 3:04 p.m. ,https://www.congress.gov/congressional-record/2022/8/2/daily-digest
254,Senate,08/03/2022,,,,NS,The House was not in session today. The House is scheduled to meet at 3 p.m. on Friday August 5 2022.,https://www.congress.gov/congressional-record/2022/8/3/daily-digest
255,House,08/03/2022,,,,NS,The House was not in session today. The House is scheduled to meet at 3 p.m. on Friday August 5 2022.No hearings were held.,https://www.congress.gov/congressional-record/2022/8/3/daily-digest
256,Senate,08/04/2022,,,,NS,The House was not in session today. The House is scheduled to meet at 3 p.m. on Friday August 5 2022.,https://www.congress.gov/congressional-record/2022/8/4/daily-digest
257,House,08/04/2022,,,,NS,The House was not in session today. The House is scheduled to meet at 3 p.m. on Friday August 5 2022.No hearings were held.,https://www.congress.gov/congressional-record/2022/8/4/daily-digest
258,Senate,08/05/2022,,,,NS,The Senate was not in session and stands adjourned until 12 noon on Saturday August 6 2022.No committee meetings were held.,https://www.congress.gov/congressional-record/2022/8/5/daily-digest
259,House,08/05/2022,15:00PM,15:04PM,4.0,pf,Adjournment: The House met at 3 p.m. and adjourned at 3:04 p.m. ,https://www.congress.gov/congressional-record/2022/8/5/daily-digest
260,Senate,08/06/2022,,,,NS,The House was not in session today. The House is scheduled to meet at 1 p.m. on Tuesday August 9 2022.,https://www.congress.gov/congressional-record/2022/8/6/daily-digest
261,House,08/06/2022,,,,NS,The House was not in session today. The House is scheduled to meet at 1 p.m. on Tuesday August 9 2022.No hearings were held.  ,https://www.congress.gov/congressional-record/2022/8/6/daily-digest
262,Senate,08/09/2022,,,,pf,The Senate met at 9 a.m. in pro forma session and adjourned at 9:00:35 a.m. until 9 a.m. on Friday August 12 2022.No committee meetings were held.,https://www.congress.gov/congressional-record/2022/8/9/daily-digest
263,House,08/09/2022,13:00PM,13:04PM,4.0,pf,Adjournment: The House met at 1 p.m. and adjourned at 1:04 p.m.   ,https://www.congress.gov/congressional-record/2022/8/9/daily-digest
264,Senate,08/12/2022,,,,pf,The Senate met at 9:00:10 a.m. in pro forma session and adjourned at 9:00:49 a.m. until 8 a.m. on Tuesday August 16 2022.No committee meetings were held.,https://www.congress.gov/congressional-record/2022/8/12/daily-digest
265,House,08/12/2022,09:00AM,17:46PM,526.0,x,Adjournment: The House met at 9 a.m. and adjourned at 5:46 p.m. pursuant to ,https://www.congress.gov/congressional-record/2022/8/12/daily-digest
266,Senate,08/16/2022,,,,pf,The Senate met at 8 a.m. in pro forma session and adjourned at 8:00:33 a.m. until 2:30 p.m. on Friday August 19 2022.No committee meetings were held.,https://www.congress.gov/congressional-record/2022/8/16/daily-digest
267,House,08/16/2022,13:00PM,13:03PM,3.0,pf,Adjournment:  The House met at 1 p.m. and adjourned at 1:03 p.m. ,https://www.congress.gov/congressional-record/2022/8/16/daily-digest
268,Senate,08/19/2022,,,,pf,The Senate met at 2:30:26 p.m. in pro forma session and adjourned at 2:31 p.m. until 10:30 a.m. on Tuesday August 23 2022.––––––No committee meetings were held.,https://www.congress.gov/congressional-record/2022/8/19/daily-digest
269,House,08/19/2022,11:00AM,11:02AM,2.0,pf,Adjournment: The House met at 11 a.m. and adjourned at 11:02 a.m.  ,https://www.congress.gov/congressional-record/2022/8/19/daily-digest
270,Senate,08/23/2022,,,,pf,The Senate met at 10:32:40 a.m. in pro forma session and adjourned at 10:33:15 a.m. until 10 a.m. on Friday August 26 2022.––––––No committee meetings were held.,https://www.congress.gov/congressional-record/2022/8/23/daily-digest
271,House,08/23/2022,10:00AM,10:03AM,3.0,pf,Adjournment: The House met at 10 a.m. and adjourned at 10:03 a.m.   ,https://www.congress.gov/congressional-record/2022/8/23/daily-digest
272,Senate,08/26/2022,,,,pf,The Senate met at 10:00:15 a.m. in pro forma session and adjourned at 10:00:40 a.m. until 10 a.m. on Tuesday August 30 2022.    No committee meetings were held.,https://www.congress.gov/congressional-record/2022/8/26/daily-digest
273,House,08/26/2022,10:00AM,10:02AM,2.0,pf,Adjournment:  The House met at 10 a.m. and adjourned at 10:02 a.m. ,https://www.congress.gov/congressional-record/2022/8/26/daily-digest
274,Senate,08/30/2022,,,,pf,The Senate met at 10:00:02 a.m. in pro forma session and adjourned at 10:00:38 a.m. until 9 a.m. on Friday September 2 2022.    No committee meetings were held.,https://www.congress.gov/congressional-record/2022/8/30/daily-digest
275,House,08/30/2022,12:00PM,12:02PM,2.0,pf,Adjournment: The House met at 12 p.m. and adjourned at 12:02 p.m.  ,https://www.congress.gov/congressional-record/2022/8/30/daily-digest
276,Senate,09/02/2022,,,,pf,The Senate met at 9:00:04 a.m. in pro forma session and adjourned at 9:00:33 a.m. until 3 p.m. on Tuesday September 6 2022. No committee meetings were held. ,https://www.congress.gov/congressional-record/2022/9/2/daily-digest
277,House,09/02/2022,10:00AM,10:05AM,5.0,pf,Adjournment: The House met at 10 a.m. and adjourned at 10:05 a.m.    ,https://www.congress.gov/congressional-record/2022/9/2/daily-digest
278,Senate,09/06/2022,15:00PM,20:33PM,333.0,x,Adjournment: Senate convened at 3 p.m. and adjourned at 8:33 p.m. until 10 a.m. on Wednesday September 7 2022. (For Senates program see the remarks of the Majority Leader in todays Record on ,https://www.congress.gov/congressional-record/2022/9/6/daily-digest
279,House,09/06/2022,09:00AM,09:27AM,27.0,pf,Adjournment: The House met at 9 a.m. and adjourned at 9:27 a.m.   ,https://www.congress.gov/congressional-record/2022/9/6/daily-digest
280,Senate,09/07/2022,10:00AM,17:57PM,477.0,x,Adjournment: Senate convened at 10 a.m. and adjourned at 5:57 p.m. until 10 a.m. on Thursday September 8 2022. (For Senates program see the remarks of the Acting Majority Leader in todays Record on ,https://www.congress.gov/congressional-record/2022/9/7/daily-digest
281,House,09/07/2022,,,,NS,The House was not in session today. The House is scheduled to meet in Pro Forma session at 9 a.m. on Friday September 9 2022. Subcommittee on Workforce Protections held a hearing entitled ``Children at Risk: Examining Workplace Protections for Child Farmworkers. Testimony was heard from public witnesses. ,https://www.congress.gov/congressional-record/2022/9/7/daily-digest
282,Senate,09/08/2022,10:00AM,15:05PM,305.0,x,Adjournment: Senate convened at 10 a.m. and adjourned at 3:05 p.m. until 3 p.m. on Monday September 12 2022. (For Senates program see the remarks of the Majority Leader in todays Record on ,https://www.congress.gov/congressional-record/2022/9/8/daily-digest
283,House,09/08/2022,,,,NS,The House was not in session today. The House is scheduled to meet in Pro Forma session at 9 a.m. on Friday September 9 2022.Subcommittee on Civil Rights and Human Services held a hearing entitled ``An Ounce of Prevention: Investments in Juvenile Justice Programs. Testimony was heard from public witnesses. ,https://www.congress.gov/congressional-record/2022/9/8/daily-digest
284,Senate,09/09/2022,,,,NS,The Senate was not in session and stands adjourned until 3 p.m. on Monday September 12 2022.––––––No committee meetings were held.,https://www.congress.gov/congressional-record/2022/9/9/daily-digest
285,House,09/09/2022,09:00AM,09:02AM,2.0,pf,Adjournment: The House met at 9 a.m. and adjourned at 9:02 a.m. ,https://www.congress.gov/congressional-record/2022/9/9/daily-digest
286,Senate,09/12/2022,15:00PM,20:53PM,353.0,x,Adjournment: Senate convened at 3 p.m. and adjourned at 8:53 p.m. until 10 a.m. on Tuesday September 13 2022. (For Senates program see the remarks of the Acting Majority Leader in todays Record on ,https://www.congress.gov/congressional-record/2022/9/12/daily-digest
287,House,09/12/2022,,,,NS,The House was not in session today. The House is scheduled to meet at 2 p.m. on Tuesday September 13 2022. No hearings were held.,https://www.congress.gov/congressional-record/2022/9/12/daily-digest
288,Senate,09/13/2022,10:00AM,18:20PM,500.0,x,Adjournment: Senate convened at 10 a.m. and adjourned at 6:20 p.m. until 10 a.m. on Wednesday September 14 2022. (For Senates program see the remarks of the Acting Majority Leader in todays Record on ,https://www.congress.gov/congressional-record/2022/9/13/daily-digest
289,House,09/13/2022,14:00PM,19:52PM,352.0,x,Adjournment: The House met at 2 p.m. and adjourned at 7:52 p.m. pursuant to ,https://www.congress.gov/congressional-record/2022/9/13/daily-digest
290,Senate,09/14/2022,10:00AM,18:06PM,486.0,x,Adjournment: Senate convened at 10 a.m. and adjourned at 6:06 p.m. until 10 a.m. on Thursday September 15 2022. (For Senates program see the remarks of the Acting Majority Leader in todays Record on ,https://www.congress.gov/congressional-record/2022/9/14/daily-digest
291,House,09/14/2022,10:00AM,17:27PM,447.0,x,Adjournment:  The House met at 10 a.m. and adjourned at 5:27 p.m.  ,https://www.congress.gov/congressional-record/2022/9/14/daily-digest
292,Senate,09/15/2022,10:00AM,15:57PM,357.0,x,Adjournment: Senate convened at 10 a.m. and adjourned at 3:57 p.m. until 3 p.m. on Monday September 19 2022. (For Senates program see the remarks of the Majority Leader in todays Record on ,https://www.congress.gov/congressional-record/2022/9/15/daily-digest
293,House,09/15/2022,12:00PM,18:43PM,403.0,x,Adjournment: The House met at 12 p.m. and adjourned at 6:43 p.m.   ,https://www.congress.gov/congressional-record/2022/9/15/daily-digest
294,Senate,09/19/2022,15:01PM,18:39PM,218.0,x,Adjournment: Senate convened at 3:01 p.m. and adjourned at 6:39 p.m. until 10 a.m. on Tuesday September 20 2022. (For Senates program see the remarks of the Majority Leader in todays Record on ,https://www.congress.gov/congressional-record/2022/9/19/daily-digest
295,House,09/19/2022,12:00PM,21:15PM,555.0,x,Adjournment: The House met at 12 p.m. and adjourned at 9:15 p.m.   ,https://www.congress.gov/congressional-record/2022/9/19/daily-digest
296,Senate,09/20/2022,10:00AM,17:59PM,479.0,x,Adjournment: Senate convened at 10 a.m. and adjourned at 5:59 p.m. until 10 a.m. on Wednesday September 21 2022. (For Senates program see the remarks of the Acting Majority Leader in todays Record on ,https://www.congress.gov/congressional-record/2022/9/20/daily-digest
297,House,09/20/2022,10:00AM,16:47PM,407.0,x,Adjournment: The House met at 10 a.m. and adjourned at 4:47 p.m.   ,https://www.congress.gov/congressional-record/2022/9/20/daily-digest
298,Senate,09/21/2022,10:00AM,19:33PM,573.0,x,Adjournment: Senate convened at 10 a.m. and adjourned at 7:33 p.m. until 10 a.m. on Thursday September 22 2022. (For Senates program see the remarks of the Acting Majority Leader in todays Record on page 4940.) ,https://www.congress.gov/congressional-record/2022/9/21/daily-digest
299,House,09/21/2022,10:00AM,19:41PM,581.0,x,Adjournment: The House met at 10 a.m. and adjourned at 7:41 p.m.  ,https://www.congress.gov/congressional-record/2022/9/21/daily-digest
300,Senate,09/22/2022,1900-01-01 10:00:00,,,INPUT BY HAND,,https://www.congress.gov/congressional-record/2022/9/22/daily-digest
301,House,09/22/2022,09:00AM,18:14PM,554.0,x,Adjournment: The House met at 9 a.m. and adjourned at 6:14 p.m.   ,https://www.congress.gov/congressional-record/2022/9/22/daily-digest
302,Senate,09/23/2022,,,,pf,The Senate met at 11:00:01 a.m. in pro forma session and adjourned at 11:00:32 a.m. until 3 p.m. on Tuesday September 27 2022.No committee meetings were held.,https://www.congress.gov/congressional-record/2022/9/23/daily-digest
303,House,09/23/2022,,,,NS,The House was not in session today. The House will meet in Pro Forma session on Monday September 26 at 10 a.m.On September 21 2022 Full Committee held a business meeting on legislation on VA Facility Naming Bills. ,https://www.congress.gov/congressional-record/2022/9/23/daily-digest
304,Senate,09/26/2022,,,,NS,The Senate was not in session and stands adjourned until 3 p.m. on Tuesday September 27 2022.   No committee meetings were held. ,https://www.congress.gov/congressional-record/2022/9/26/daily-digest
305,House,09/26/2022,10:00AM,10:03AM,3.0,pf,Adjournment: The House met at 10 a.m. and adjourned at 10:03 a.m.   ,https://www.congress.gov/congressional-record/2022/9/26/daily-digest
306,Senate,09/27/2022,15:00PM,18:56PM,236.0,x,Adjournment: Senate convened at 3 p.m. and adjourned at 6:56 p.m. until 10 a.m. on Wednesday September 28 2022. (For Senates program see the remarks of the Majority Leader in todays Record on ,https://www.congress.gov/congressional-record/2022/9/27/daily-digest
307,House,09/27/2022,,,,NS,The House was not in session today. The House will meet on Wednesday September 28 at 12 p.m.   Full Committee held a hearing on ,https://www.congress.gov/congressional-record/2022/9/27/daily-digest
308,Senate,09/28/2022,10:00AM,20:25PM,625.0,x,Adjournment: Senate convened at 10 a.m. and adjourned at 8:25 p.m. until 10 a.m. on Thursday September 29 2022. (For Senates program see the remarks of the Majority Leader in todays Record on ,https://www.congress.gov/congressional-record/2022/9/28/daily-digest
309,House,09/28/2022,12:00PM,22:09PM,609.0,x,Adjournment: The House met at 12 p.m. and adjourned at 10:09 p.m.   ,https://www.congress.gov/congressional-record/2022/9/28/daily-digest
310,Senate,09/29/2022,10:00AM,18:51PM,531.0,x,Adjournment: Senate convened at 10 a.m. and adjourned at 6:51 p.m. until 8:55 a.m. on Friday September 30 2022. (For Senates program see the remarks of the Majority Leader in todays Record on ,https://www.congress.gov/congressional-record/2022/9/29/daily-digest
311,House,09/29/2022,10:00AM,20:09PM,609.0,x,Adjournment: The House met at 10 a.m. and adjourned at 8:09 p.m.   ,https://www.congress.gov/congressional-record/2022/9/29/daily-digest
312,Senate,09/30/2022,,,,pf,The Senate met at 8:55:01 a.m. in pro forma session and adjourned at 8:55:36 a.m. until 10 a.m. on Tuesday October 4 2022.No committee meetings were held.,https://www.congress.gov/congressional-record/2022/9/30/daily-digest
313,House,09/30/2022,09:00AM,15:20PM,380.0,x,Adjournment: The House met at 9 a.m. and adjourned at 3:20 p.m.   ,https://www.congress.gov/congressional-record/2022/9/30/daily-digest
314,Senate,10/04/2022,,,,pf,The Senate met at 10:00:56 a.m. in pro forma session and adjourned at 10:01:30 a.m. until 10 a.m. on Friday October 7 2022.No committee meetings were held.,https://www.congress.gov/congressional-record/2022/10/4/daily-digest
315,House,10/04/2022,12:00PM,12:04PM,4.0,pf,Adjournment: The House met at 12 p.m. and adjourned at 12:04 p.m. ,https://www.congress.gov/congressional-record/2022/10/4/daily-digest
316,Senate,10/07/2022,,,,pf,The Senate met at 10:00:12 a.m. in pro forma session and adjourned at 10:00:45 a.m. until 11 a.m. on Tuesday October 11 2022.––No committee meetings were held.,https://www.congress.gov/congressional-record/2022/10/7/daily-digest
317,House,10/07/2022,13:30PM,13:34PM,4.0,pf,Adjournment: The House met at 1:30 p.m. and adjourned at 1:34 p.m.   ,https://www.congress.gov/congressional-record/2022/10/7/daily-digest
318,Senate,10/11/2022,11:00AM,11:26AM,26.0,pf,Adjournment: Senate convened at 11 a.m. and adjourned at 11:26 a.m. until 11:30 a.m. on Friday October 14 2022. (For Senates program see the remarks of the Acting Majority Leader in todays Record on ,https://www.congress.gov/congressional-record/2022/10/11/daily-digest
319,House,10/11/2022,10:00AM,10:02AM,2.0,pf,Adjournment: The House met at 10 a.m. and adjourned at 10:02 a.m. ,https://www.congress.gov/congressional-record/2022/10/11/daily-digest
320,Senate,10/14/2022,,,,pf,The Senate met at 11:30:01 a.m. in pro forma session and adjourned at 11:31:12 a.m. until 11:30 a.m. on Tuesday October 18 2022.A unanimous-consent agreement was reached providing that notwithstanding the order that no business be conducted during the pro forma session it be in order for committees to report legislative business from 10:30 a.m. until 11:30 a.m. on Tuesday October 18 2022 and that the Senate stand adjourned in accordance with the orders of September 29 2022 and October 11 2022 for previously ordered pro forma sessions.,https://www.congress.gov/congressional-record/2022/10/14/daily-digest
321,House,10/14/2022,11:30AM,11:33AM,3.0,pf,Adjournment: The House met at 11:30 a.m. and adjourned at 11:33 a.m.  ,https://www.congress.gov/congressional-record/2022/10/14/daily-digest
322,Senate,10/18/2022,,,,INPUT BY HAND,,https://www.congress.gov/congressional-record/2022/10/18/daily-digest
323,House,10/18/2022,,,,INPUT BY HAND,,https://www.congress.gov/congressional-record/2022/10/18/daily-digest
324,Senate,10/20/2022,,,,pf,The Senate met at 9:00:01 a.m. in pro forma session and adjourned at 9:00:36 a.m. until 1:45 p.m. on Monday October 24 2022.No committee meetings were held.,https://www.congress.gov/congressional-record/2022/10/20/daily-digest
325,House,10/20/2022,,,,NS,The House was not in session today. The House will meet in Pro Forma session on Friday October 21 at 11 a.m.No hearings were held.,https://www.congress.gov/congressional-record/2022/10/20/daily-digest
326,Senate,10/21/2022,,,,NS,The Senate was not in session and stands adjourned until 1:45 p.m. on Monday October 24 2022.No committee meetings were held.,https://www.congress.gov/congressional-record/2022/10/21/daily-digest
327,House,10/21/2022,11:00AM,11:03AM,3.0,pf,Adjournment: The House met at 11 a.m. and adjourned at 11:03 a.m. ,https://www.congress.gov/congressional-record/2022/10/21/daily-digest
328,Senate,10/24/2022,,,,pf,The Senate met at 1:45:00 p.m. in pro forma session and adjourned at 1:45:37 p.m. until 12 noon on Thursday October 27 2022.No committee meetings were held.,https://www.congress.gov/congressional-record/2022/10/24/daily-digest
329,House,10/24/2022,,,,NS,The House was not in session today. The House will meet in Pro Forma session on Tuesday October 25 at 11 a.m.No hearings were held.,https://www.congress.gov/congressional-record/2022/10/24/daily-digest
330,Senate,10/25/2022,,,,NS,The Senate was not in session and stands adjourned until 12:00 noon on Thursday October 27 2022.No committee meetings were held.,https://www.congress.gov/congressional-record/2022/10/25/daily-digest
331,House,10/25/2022,11:00AM,11:02AM,2.0,pf,Adjournment: The House met at 11 a.m. and adjourned at 11:02 a.m. ,https://www.congress.gov/congressional-record/2022/10/25/daily-digest
332,Senate,10/27/2022,,,,pf,The Senate met at 12:02:14 p.m. in pro forma session and adjourned at 12:02:50 p.m. until 10 a.m. on Monday October 31 2022.No committee meetings were held.,https://www.congress.gov/congressional-record/2022/10/27/daily-digest
333,House,10/27/2022,,,,NS,The House was not in session today. The House will meet in Pro Forma session on Friday October 28 at 10 a.m.No hearings were held.,https://www.congress.gov/congressional-record/2022/10/27/daily-digest
334,Senate,10/28/2022,,,,NS,The Senate was not in session and stands adjourned until 10 a.m. on Monday October 31 2022.No committee meetings were held.,https://www.congress.gov/congressional-record/2022/10/28/daily-digest
335,House,10/28/2022,10:00AM,10:02AM,2.0,pf,Adjournment: The House met at 10 a.m. and adjourned at 10:02 a.m.  ,https://www.congress.gov/congressional-record/2022/10/28/daily-digest
336,Senate,10/31/2022,,,,pf,The Senate met at 10:00:03 a.m. in pro forma session and adjourned at 10:00:31 a.m. until 10:30 a.m. on Thursday November 3 2022.No committee meetings were held.,https://www.congress.gov/congressional-record/2022/10/31/daily-digest
337,House,10/31/2022,11:00AM,11:02AM,2.0,pf,Adjournment: The House met at 11 a.m. and adjourned at 11:02 a.m. ,https://www.congress.gov/congressional-record/2022/10/31/daily-digest
338,Senate,11/03/2022,,,,pf,The Senate met at 10:30 a.m. in pro forma session and adjourned at 10:30:27 a.m. until 10:30 a.m. on Monday November 7 2022.No committee meetings were held. ,https://www.congress.gov/congressional-record/2022/11/3/daily-digest
339,House,11/03/2022,12:00PM,12:03PM,3.0,pf,Adjournment: The House met at 12 p.m. and adjourned at 12:03 p.m.     ,https://www.congress.gov/congressional-record/2022/11/3/daily-digest
340,Senate,11/07/2022,,,,pf,The Senate met at 10:30:00 a.m. in pro forma session and adjourned at 10:30:08 a.m. until 3 p.m. on Thursday November 10 2022.No committee meetings were held.,https://www.congress.gov/congressional-record/2022/11/7/daily-digest
341,House,11/07/2022,11:30AM,11:33AM,3.0,pf,Adjournment: The House met at 11:30 a.m. and adjourned at 11:33 a.m.,https://www.congress.gov/congressional-record/2022/11/7/daily-digest
342,Senate,11/10/2022,,,,pf,The Senate met at 3:00:01 p.m. in pro forma session and adjourned at 3:00:37 p.m. until 3 p.m. on Monday November 14 2022.No committee meetings were held.,https://www.congress.gov/congressional-record/2022/11/10/daily-digest
343,House,11/10/2022,12:00PM,12:02PM,2.0,pf,Adjournment: The House met at 12 p.m. and adjourned at 12:02 p.m.   ,https://www.congress.gov/congressional-record/2022/11/10/daily-digest
344,Senate,11/14/2022,15:00PM,18:52PM,232.0,x,Adjournment: Senate convened at 3 p.m. and adjourned at 6:52 p.m. until 11 a.m. on Tuesday November 15 2022. (For Senates program see the remarks of the Acting Majority Leader in todays Record on ,https://www.congress.gov/congressional-record/2022/11/14/daily-digest
345,House,11/14/2022,14:00PM,19:26PM,326.0,x,Adjournment: The House met at 2 p.m. and adjourned at 7:26 p.m.  ,https://www.congress.gov/congressional-record/2022/11/14/daily-digest
346,Senate,11/15/2022,11:00AM,19:06PM,486.0,x,Adjournment: Senate convened at 11 a.m. and adjourned at 7:06 p.m. until 1:45 p.m. on Wednesday November 16 2022. (For Senates program see the remarks of the Acting Majority Leader in todays Record on ,https://www.congress.gov/congressional-record/2022/11/15/daily-digest
347,House,11/15/2022,10:00AM,13:32PM,212.0,x,Adjournment: The House met at 10 a.m. and adjourned at 1:32 p.m. ,https://www.congress.gov/congressional-record/2022/11/15/daily-digest
348,Senate,11/16/2022,13:45PM,18:58PM,313.0,x,Adjournment: Senate convened at 1:45 p.m. and adjourned at 6:58 p.m. until 10 a.m. on Thursday November 17 2022. (For Senates program see the remarks of the Majority Leader in todays Record on ,https://www.congress.gov/congressional-record/2022/11/16/daily-digest
349,House,11/16/2022,10:00AM,16:31PM,391.0,x,Adjournment: The House met at 10 a.m. and adjourned at 4:31 p.m.     ,https://www.congress.gov/congressional-record/2022/11/16/daily-digest
350,Senate,11/17/2022,10:00AM,00:01AM,-599.0,INPUT BY HAND,,https://www.congress.gov/congressional-record/2022/11/17/daily-digest
351,House,11/17/2022,10:00AM,16:28PM,388.0,x,Adjournment: The House met at 10 a.m. and adjourned at 4:28 p.m.   ,https://www.congress.gov/congressional-record/2022/11/17/daily-digest
352,Senate,11/18/2022,,,,NS,The Senate was not in session and stands adjourned until 5:30 p.m. on Tuesday November 22 2022.––––––No committee meetings were held.,https://www.congress.gov/congressional-record/2022/11/18/daily-digest
353,House,11/18/2022,11:00AM,11:03AM,3.0,pf,Adjournment: The House met at 11 a.m. and adjourned at 11:03 a.m. ,https://www.congress.gov/congressional-record/2022/11/18/daily-digest
354,Senate,11/22/2022,,,,pf,The Senate met at 5:30:03 p.m. in pro forma session and adjourned at 5:30:37 p.m. until 8 a.m. on Friday November 25 2022.–––––– No committee meetings were held.,https://www.congress.gov/congressional-record/2022/11/22/daily-digest
355,House,11/22/2022,09:30AM,09:33AM,3.0,pf,Adjournment: The House met at 9:30 a.m. and adjourned at 9:33 a.m.  ,https://www.congress.gov/congressional-record/2022/11/22/daily-digest
356,Senate,11/25/2022,,,,pf,The Senate met at 8:24:14 a.m. in pro forma session and adjourned at 8:24:43 a.m. until 3 p.m. on Monday November 28 2022.––––––No committee meetings were held.,https://www.congress.gov/congressional-record/2022/11/25/daily-digest
357,House,11/25/2022,11:00AM,11:02AM,2.0,pf,Adjournment: The House met at 11 a.m. and adjourned at 11:02 a.m.   ,https://www.congress.gov/congressional-record/2022/11/25/daily-digest
358,Senate,11/28/2022,15:00PM,20:20PM,320.0,x,Adjournment: Senate convened at 3 p.m. and adjourned at 8:20 p.m. until 12 noon on Tuesday November 29 2022. (For Senates program see the remarks of the Acting Majority Leader in todays Record on ,https://www.congress.gov/congressional-record/2022/11/28/daily-digest
359,House,11/28/2022,,,,NS,The House was not in session today. The House will meet at 2 p.m. on Tuesday November 29 2022.No hearings were held.,https://www.congress.gov/congressional-record/2022/11/28/daily-digest
360,Senate,11/29/2022,,,,INPUT BY HAND,,https://www.congress.gov/congressional-record/2022/11/29/daily-digest
361,House,11/29/2022,14:00PM,19:50PM,350.0,x,Adjournment:  The House met at 2 p.m. and adjourned at 7:50 p.m. pursuant to ,https://www.congress.gov/congressional-record/2022/11/29/daily-digest
362,Senate,11/30/2022,,,,INPUT BY HAND,,https://www.congress.gov/congressional-record/2022/11/30/daily-digest
363,House,11/30/2022,,,,INPUT BY HAND,,https://www.congress.gov/congressional-record/2022/11/30/daily-digest
364,Senate,12/01/2022,10:00AM,17:11PM,431.0,x,Adjournment: Senate convened at 10 a.m. and adjourned at 5:11 p.m. until 3 p.m. on Monday December 5 2022. (For Senates program see the remarks of the Acting Majority Leader in todays Record on ,https://www.congress.gov/congressional-record/2022/12/1/daily-digest
365,House,12/01/2022,09:00AM,17:12PM,492.0,x,Adjournment: The House met at 9 a.m. and adjourned at 5:12 p.m.  ,https://www.congress.gov/congressional-record/2022/12/1/daily-digest
366,Senate,12/02/2022,,,,NS,The Senate was not in session and stands adjourned until 3 p.m. on Monday December 5 2022.––––––No committee meetings were held.,https://www.congress.gov/congressional-record/2022/12/2/daily-digest
367,House,12/02/2022,09:00AM,12:08PM,188.0,x,Adjournment: The House met at 9 a.m. and adjourned at 12:08 p.m.   ,https://www.congress.gov/congressional-record/2022/12/2/daily-digest
368,Senate,12/05/2022,15:00PM,19:12PM,252.0,x,Adjournment: Senate convened at 3 p.m. and adjourned at 7:12 p.m. until 10 a.m. on Tuesday December 6 2022. (For Senates program see the remarks of the Acting Majority Leader in todays Record on ,https://www.congress.gov/congressional-record/2022/12/5/daily-digest
369,House,12/05/2022,,1900-01-01 16:23:00,,INPUT BY HAND,Days in sessionTime in session,https://www.congress.gov/congressional-record/2022/12/5/daily-digest
370,Senate,12/06/2022,10:00AM,19:04PM,544.0,x,Adjournment: Senate convened at 10 a.m. and adjourned at 7:04 p.m. until 10 a.m. on Wednesday December 7 2022. (For Senates program see the remarks of the Acting Majority Leader in todays Record on ,https://www.congress.gov/congressional-record/2022/12/6/daily-digest
371,House,12/06/2022,09:00AM,19:58PM,658.0,x,Adjournment: The House met at 9 a.m. and adjourned at 7:58 p.m. ,https://www.congress.gov/congressional-record/2022/12/6/daily-digest
372,Senate,12/07/2022,,,,INPUT BY HAND,,https://www.congress.gov/congressional-record/2022/12/7/daily-digest
373,House,12/07/2022,,,,INPUT BY HAND,,https://www.congress.gov/congressional-record/2022/12/7/daily-digest
374,Senate,12/08/2022,11:00AM,17:41PM,401.0,x,Adjournment: Senate convened at 11 a.m. and adjourned at 5:41 p.m. until 3 p.m. on Monday December 12 2022. (For Senates program see the remarks of the Acting Majority Leader in todays Record on ,https://www.congress.gov/congressional-record/2022/12/8/daily-digest
375,House,12/08/2022,09:00AM,16:05PM,425.0,x,Adjournment: The House met at 9 a.m. and adjourned at 4:05 p.m. ,https://www.congress.gov/congressional-record/2022/12/8/daily-digest
376,Senate,12/12/2022,15:00PM,19:00PM,240.0,x,Adjournment: Senate convened at 3 p.m. and adjourned at 7 p.m. until 10 a.m. on Tuesday December 13 2022. (For Senates program see the remarks of the Majority Leader in todays Record on ,https://www.congress.gov/congressional-record/2022/12/12/daily-digest
377,House,12/12/2022,,1900-01-01 19:14:00,,INPUT BY HAND,,https://www.congress.gov/congressional-record/2022/12/12/daily-digest
378,Senate,12/13/2022,1900-01-01 10:00:00,,,INPUT BY HAND,,https://www.congress.gov/congressional-record/2022/12/13/daily-digest
379,House,12/13/2022,10:00AM,15:31PM,331.0,x,Adjournment: The House met at 10 a.m. and adjourned at 3:31 p.m.  ,https://www.congress.gov/congressional-record/2022/12/13/daily-digest
380,Senate,12/14/2022,10:00AM,19:33PM,573.0,x,Adjournment: Senate convened at 10 a.m. and adjourned at 7:33 p.m. until 10 a.m. on Thursday December 15 2022. (For Senates program see the remarks of the Majority Leader in todays Record on ,https://www.congress.gov/congressional-record/2022/12/14/daily-digest
381,House,12/14/2022,10:00AM,21:57PM,717.0,x,Adjournment: The House met at 10 a.m. and adjourned at 9:57 p.m.  ,https://www.congress.gov/congressional-record/2022/12/14/daily-digest
382,Senate,12/15/2022,10:00AM,22:02PM,722.0,x,Adjournment: Senate convened at 10 a.m. and adjourned at 10:02 p.m. until 3 p.m. on Monday December 19 2022. (For Senates program see the remarks of the Acting Majority Leader in todays Record on ,https://www.congress.gov/congressional-record/2022/12/15/daily-digest
383,House,12/15/2022,09:00AM,16:18PM,438.0,x,Adjournment: The House met at 9 a.m. and adjourned at 4:18 p.m.   ,https://www.congress.gov/congressional-record/2022/12/15/daily-digest
384,Senate,12/16/2022,,,,NS,The Senate was not in session and stands adjourned until 3 p.m. on Monday December 19 2022.––––––No committee meetings were held.,https://www.congress.gov/congressional-record/2022/12/16/daily-digest
385,House,12/16/2022,09:30AM,09:33AM,3.0,pf,Adjournment: The House met at 9:30 a.m. and adjourned at 9:33 a.m.  ,https://www.congress.gov/congressional-record/2022/12/16/daily-digest
386,Senate,12/19/2022,,,-814.0,NS,The House was not in session today. The House will meet in Pro Forma session at 12 p.m. on Tuesday December 20 2022.,https://www.congress.gov/congressional-record/2022/12/19/daily-digest
387,House,12/19/2022,,,,NS,The House was not in session today. The House will meet in Pro Forma session at 12 p.m. on Tuesday December 20 2022. Full Committee held a business meeting to consider the Select Committees Final Report. The Final Report was approved. ,https://www.congress.gov/congressional-record/2022/12/19/daily-digest
388,Senate,12/20/2022,10:00AM,00:11AM,-589.0,INPUT BY HAND,,https://www.congress.gov/congressional-record/2022/12/20/daily-digest
389,House,12/20/2022,12:00PM,12:04PM,4.0,pf,Adjournment: The House met at 12 p.m. and adjourned at 12:04 p.m.  ,https://www.congress.gov/congressional-record/2022/12/20/daily-digest
390,Senate,12/21/2022,10:00AM,02:01AM,-479.0,INPUT BY HAND,,https://www.congress.gov/congressional-record/2022/12/21/daily-digest
391,House,12/21/2022,12:00PM,23:30PM,690.0,x,Adjournment: The House met at 12 p.m. and adjourned at 11:30 p.m.  ,https://www.congress.gov/congressional-record/2022/12/21/daily-digest
392,Senate,12/22/2022,08:00AM,18:06PM,606.0,x,Adjournment: Senate convened at 8 a.m. and adjourned at 6:06 p.m. until 11 a.m. on Friday December 23 2022. (For Senates program see the remarks of the Majority Leader in todays Record on ,https://www.congress.gov/congressional-record/2022/12/22/daily-digest
393,House,12/22/2022,09:00AM,21:15PM,735.0,x,Adjournment: The House met at 9 a.m. and adjourned at 9:15 p.m.   ,https://www.congress.gov/congressional-record/2022/12/22/daily-digest
394,Senate,12/23/2022,,,,pf,The Senate met at 11 a.m. in pro forma session and adjourned at 11:00:16 a.m. until 5:30 p.m. on Tuesday December 27 2022.No committee meetings were held.,https://www.congress.gov/congressional-record/2022/12/23/daily-digest
395,House,12/23/2022,09:00AM,14:06PM,306.0,x,Adjournment: The House met at 9 a.m. and adjourned at 2:06 p.m.   ,https://www.congress.gov/congressional-record/2022/12/23/daily-digest
396,Senate,12/27/2022,,,,pf,The Senate met at 6:00:50 p.m. in pro forma session and adjourned at 6:01:31 p.m. until 9:30 a.m. on Friday December 30 2022.––––––No committee meetings were held.,https://www.congress.gov/congressional-record/2022/12/27/daily-digest
397,House,12/27/2022,12:00PM,12:04PM,4.0,pf,Adjournment: The House met at 12 p.m. and adjourned at 12:04 p.m.   ,https://www.congress.gov/congressional-record/2022/12/27/daily-digest
398,Senate,12/30/2022,,,,pf,The Senate met at 09:30:07 a.m. in pro forma session and adjourned at 09:30:26 a.m. until 11:30 a.m. on Tuesday January 3 2023.––––––No committee meetings were held.,https://www.congress.gov/congressional-record/2022/12/30/daily-digest
399,House,12/30/2022,09:00AM,09:05AM,5.0,pf,Adjournment: The House met at 9 a.m. and adjourned at 9:05 a.m.  ,https://www.congress.gov/congressional-record/2022/12/30/daily-digest
