Congress,S.Amdt.No,Amends,Sponsor,Latest Action,url,Latest Action Date,Sponsor Party,Outcome,Action Type
118th Congress (2023-2024),S.Amdt.3289,H.R.9468,"Paul, Rand [Sen.-R-KY]","Amendment SA 3289, under the order of 9/19/24, not having achieved 60 votes in the affirmative, was not agreed to in Senate by Yea-Nay Vote. 47 - 47. Record Vote Number: 247. (All Actions)",congress.gov/amendment/118th-congress/senate-amendment/3289?s=1&r=1,09/19/24,R,NA,RCV
118th Congress (2023-2024),S.Amdt.1829,H.R.7888,"Paul, Rand [Sen.-R-KY]","Amendment SA 1829, under the order of 4/19/2024, not having achieved 60 votes in the affirmative, was not agreed to in Senate by Yea-Nay Vote. 31 - 61. Record Vote Number: 144. (All Actions)",congress.gov/amendment/118th-congress/senate-amendment/1829?s=1&r=2,04/19/24,R,NA,RCV
118th Congress (2023-2024),S.Amdt.1841,H.R.7888,"Durbin, Richard J. [Sen.-D-IL]","Amendment SA 1841, as modified, not agreed to in Senate by Yea-Nay Vote. 42 - 50. Record Vote Number: 148. (All Actions)",congress.gov/amendment/118th-congress/senate-amendment/1841?s=1&r=3,04/19/24,D,NA,RCV
118th Congress (2023-2024),S.Amdt.1834,H.R.7888,"Marshall, Roger [Sen.-R-KS]",Amendment SA 1834 not agreed to in Senate by Yea-Nay Vote. 17 - 75. Record Vote Number: 145. (All Actions),congress.gov/amendment/118th-congress/senate-amendment/1834?s=1&r=4,04/19/24,R,NA,RCV
118th Congress (2023-2024),S.Amdt.1840,H.R.7888,"Lee, Mike [Sen.-R-UT]",Amendment SA 1840 not agreed to in Senate by Yea-Nay Vote. 40 - 53. Record Vote Number: 149. (All Actions),congress.gov/amendment/118th-congress/senate-amendment/1840?s=1&r=5,04/19/24,R,NA,RCV
118th Congress (2023-2024),S.Amdt.1828,H.R.7888,"Paul, Rand [Sen.-R-KY]","Amendment SA 1828, under the order of 4/19/2024, not having achieved 60 votes in the affirmative, was not agreed to in Senate by Yea-Nay Vote. 11 - 81. Record Vote Number: 147. (All Actions)",congress.gov/amendment/118th-congress/senate-amendment/1828?s=1&r=6,04/19/24,R,NA,RCV
118th Congress (2023-2024),S.Amdt.1820,H.R.7888,"Wyden, Ron [Sen.-D-OR]",Amendment SA 1820 not agreed to in Senate by Yea-Nay Vote. 34 - 58. Record Vote Number: 146. (All Actions),congress.gov/amendment/118th-congress/senate-amendment/1820?s=1&r=7,04/19/24,D,NA,RCV
118th Congress (2023-2024),S.Amdt.1713,H.R.2882,"Lankford, James [Sen.-R-OK]",Amendment SA 1713 not agreed to in Senate by Voice Vote. (All Actions),congress.gov/amendment/118th-congress/senate-amendment/1713?s=1&r=8,03/23/24,R,NA,VV
118th Congress (2023-2024),S.Amdt.1718,H.R.2882,"Lankford, James [Sen.-R-OK]",Amendment SA 1718 not agreed to in Senate by Voice Vote. (All Actions),congress.gov/amendment/118th-congress/senate-amendment/1718?s=1&r=9,03/23/24,R,NA,VV
118th Congress (2023-2024),S.Amdt.1795,H.R.2882,"Schmitt, Eric [Sen.-R-MO]",Amendment SA 1795 not agreed to in Senate by Yea-Nay Vote. 47 - 51. Record Vote Number: 109. (All Actions),congress.gov/amendment/118th-congress/senate-amendment/1795?s=1&r=10,03/23/24,R,NA,RCV
118th Congress (2023-2024),S.Amdt.1722,H.R.2882,"Lee, Mike [Sen.-R-UT]",Amendment SA 1722 not agreed to in Senate by Yea-Nay Vote. 45 - 51. Record Vote Number: 105. (All Actions),congress.gov/amendment/118th-congress/senate-amendment/1722?s=1&r=11,03/23/24,R,NA,RCV
118th Congress (2023-2024),S.Amdt.1634,H.R.4366,"Hagerty, Bill [Sen.-R-TN]",Amendment SA 1634 not agreed to in Senate by Yea-Nay Vote. 45 - 51. Record Vote Number: 83. (All Actions),congress.gov/amendment/118th-congress/senate-amendment/1634?s=1&r=12,03/08/24,R,NA,RCV
118th Congress (2023-2024),S.Amdt.1623,H.R.4366,"Lee, Mike [Sen.-R-UT]",Amendment SA 1623 not agreed to in Senate by Yea-Nay Vote. 43 - 50. Record Vote Number: 80. (All Actions),congress.gov/amendment/118th-congress/senate-amendment/1623?s=1&r=13,03/08/24,R,NA,RCV
118th Congress (2023-2024),S.Amdt.1626,H.R.4366,"Schmitt, Eric [Sen.-R-MO]",Amendment SA 1626 not agreed to in Senate by Yea-Nay Vote. 37 - 59. Record Vote Number: 81. (All Actions),congress.gov/amendment/118th-congress/senate-amendment/1626?s=1&r=14,03/08/24,R,NA,RCV
118th Congress (2023-2024),S.Amdt.1614,H.R.7463,"Paul, Rand [Sen.-R-KY]","Amendment SA 1614, under the order of 2/29/2024, not having achieved 60 votes in the affirmative, was not agreed to in Senate by Yea-Nay Vote. 37 - 53. Record Vote Number: 63. (All Actions)",congress.gov/amendment/118th-congress/senate-amendment/1614?s=1&r=15,02/29/24,R,NA,RCV
118th Congress (2023-2024),S.Amdt.1384,S.Amdt.1381,"Paul, Rand [Sen.-R-KY]","Amendment SA 1384, under the order of 1/17/2024, not having achieved 60 votes in the affirmative, was not agreed to in Senate by Yea-Nay Vote. 44 - 50. Record Vote Number: 10. (All Actions)",congress.gov/amendment/118th-congress/senate-amendment/1384?s=1&r=16,01/18/24,R,NA,RCV
118th Congress (2023-2024),S.Amdt.1366,H.R.6363,"Paul, Rand [Sen.-R-KY]",Amendment SA 1366 not agreed to in Senate by Yea-Nay Vote. 32 - 65. Record Vote Number: 311. (All Actions),congress.gov/amendment/118th-congress/senate-amendment/1366?s=1&r=16&s=1&r=17,11/15/23,R,NA,RCV
118th Congress (2023-2024),S.Amdt.1121,S.Amdt.1092,"Lee, Mike [Sen.-R-UT]","Amendment SA 1121, under the order of 10/24/23, having not achieved 60 votes in the affirmative, was not agreed to in Senate by Yea-Nay Vote. 46 - 51. Record Vote Number: 283. (All Actions)",congress.gov/amendment/118th-congress/senate-amendment/1121?r=16&s=1&r=18,11/01/23,R,NA,RCV
118th Congress (2023-2024),S.Amdt.1347,S.Amdt.1092,"Paul, Rand [Sen.-R-KY]","Amendment SA 1347, under the order of 10/24/23, having not achieved 60 votes in the affirmative, was not agreed to in Senate by Yea-Nay Vote. 23 - 74. Record Vote Number: 281. (All Actions)",congress.gov/amendment/118th-congress/senate-amendment/1347?r=18&s=1&s=1&r=19,11/01/23,R,NA,RCV
118th Congress (2023-2024),S.Amdt.1249,S.Amdt.1092,"Cruz, Ted [Sen.-R-TX]","Amendment SA 1249, under the order of 10/24/23, having not achieved 60 votes in the affirmative, was not agreed to in Senate by Yea-Nay Vote. 52 - 45. Record Vote Number: 282. (All Actions)",congress.gov/amendment/118th-congress/senate-amendment/1249?r=19&s=1&s=1&r=20,11/01/23,R,NA,RCV
118th Congress (2023-2024),S.Amdt.1217,S.Amdt.1092,"Paul, Rand [Sen.-R-KY]","Amendment SA 1217, under the order of 10/24/23, having not achieved 60 votes in the affirmative, was not agreed to in Senate by Yea-Nay Vote. 46 - 51. Record Vote Number: 280. (All Actions)",congress.gov/amendment/118th-congress/senate-amendment/1217?r=20&s=1&s=1&r=21,11/01/23,R,NA,RCV
118th Congress (2023-2024),S.Amdt.1296,S.Amdt.1092,"Cruz, Ted [Sen.-R-TX]",Amendment SA 1296 not agreed to in Senate by Yea-Nay Vote. 47 - 49. Record Vote Number: 278. (All Actions),congress.gov/amendment/118th-congress/senate-amendment/1296?r=21&s=1&s=1&r=22,10/31/23,R,NA,RCV
118th Congress (2023-2024),S.Amdt.1243,S.Amdt.1092,"Budd, Ted [Sen.-R-NC]",Amendment SA 1243 not agreed to in Senate by Yea-Nay Vote. 45 - 50. Record Vote Number: 279. (All Actions),congress.gov/amendment/118th-congress/senate-amendment/1243?r=22&s=1&s=1&r=23,10/31/23,R,NA,RCV
118th Congress (2023-2024),S.Amdt.1182,S.Amdt.1092,"Braun, Mike [Sen.-R-IN]",Amendment SA 1182 not agreed to in Senate by Yea-Nay Vote. 35 - 62. Record Vote Number: 271. (All Actions),congress.gov/amendment/118th-congress/senate-amendment/1182?r=23&s=1&s=1&r=24,10/26/23,R,NA,RCV
118th Congress (2023-2024),S.Amdt.1232,S.Amdt.1092,"Lankford, James [Sen.-R-OK]","Amendment SA 1232, under the order of 10/24/2023, not having achieved 60 votes in the affirmative, was not agreed to in Senate by Yea-Nay Vote. 56 - 42. Record Vote Number: 269. (All Actions)",congress.gov/amendment/118th-congress/senate-amendment/1232?r=24&s=1&s=1&r=25,10/25/23,R,NA,RCV
118th Congress (2023-2024),S.Amdt.1237,S.Amdt.1092,"Rubio, Marco [Sen.-R-FL]",Amendment SA 1237 not agreed to in Senate by Yea-Nay Vote. 47 - 51. Record Vote Number: 267. (All Actions),congress.gov/amendment/118th-congress/senate-amendment/1237?r=25&s=1&s=1&r=26,10/25/23,R,NA,RCV
118th Congress (2023-2024),S.Amdt.523,S.Amdt.935,"Rubio, Marco [Sen.-R-FL]","Amendment SA 523 under the order of 7/27/2023, not having achieved 60 votes in the affirmative, was not agreed to in Senate by Yea-Nay Vote. 55 - 42. Record Vote Number: 210. (All Actions)",congress.gov/amendment/118th-congress/senate-amendment/523?r=26&s=1&s=1&r=27,07/27/23,R,NA,RCV
118th Congress (2023-2024),S.Amdt.1030,S.Amdt.935,"Sanders, Bernard [Sen.-I-VT]","Amendment SA 1030 under the order of 7/26/2023, not having achieved 60 votes in the affirmative, was not agreed to in Senate by Yea-Nay Vote. 11 - 88. Record Vote Number: 203. (All Actions)",congress.gov/amendment/118th-congress/senate-amendment/1030?r=27&s=1&s=1&r=28,07/27/23,,NA,RCV
118th Congress (2023-2024),S.Amdt.874,S.Amdt.935,"Marshall, Roger [Sen.-R-KS]","Amendment SA 874 under the order of 7/26/2023, not having achieved 60 votes in the affirmative, was not agreed to in Senate by Yea-Nay Vote. 50 - 49. Record Vote Number: 204. (All Actions)",congress.gov/amendment/118th-congress/senate-amendment/874?r=28&s=1&s=1&r=29,07/27/23,R,NA,RCV
118th Congress (2023-2024),S.Amdt.1034,S.Amdt.935,"Kennedy, John [Sen.-R-LA]","Amendment SA 1034 under the order of 7/26/2023, not having achieved 60 votes in the affirmative, was not agreed to in Senate by Yea-Nay Vote. 51 - 47. Record Vote Number: 205. (All Actions)",congress.gov/amendment/118th-congress/senate-amendment/1034?r=29&s=1&s=1&r=30,07/27/23,R,NA,RCV
118th Congress (2023-2024),S.Amdt.421,S.Amdt.935,"Cruz, Ted [Sen.-R-TX]","Amendment SA 421 under the order of 7/26/2023, not having achieved 60 votes in the affirmative, was not agreed to in Senate by Yea-Nay Vote. 46 - 53. Record Vote Number: 199. (All Actions)",congress.gov/amendment/118th-congress/senate-amendment/421?r=30&s=1&s=1&r=31,07/26/23,R,NA,RCV
118th Congress (2023-2024),S.Amdt.1055,S.Amdt.935,"Wicker, Roger F. [Sen.-R-MS]","Amendment SA 1055 under the order of 7/26/2023, not having achieved 60 votes in the affirmative, was not agreed to in Senate by Yea-Nay Vote. 51 - 48. Record Vote Number: 200. (All Actions)",congress.gov/amendment/118th-congress/senate-amendment/1055?r=31&s=1&s=1&r=32,07/26/23,R,NA,RCV
118th Congress (2023-2024),S.Amdt.438,S.Amdt.935,"Paul, Rand [Sen.-R-KY]","Amendment SA 438 under the order of 7/26/2023, not having achieved 60 votes in the affirmative, was not agreed to in Senate by Yea-Nay Vote. 20 - 78. Record Vote Number: 201. (All Actions)",congress.gov/amendment/118th-congress/senate-amendment/438?r=32&s=1&s=1&r=33,07/26/23,R,NA,RCV
118th Congress (2023-2024),S.Amdt.376,S.Amdt.935,"Lee, Mike [Sen.-R-UT]",Amendment SA 376 not agreed to in Senate by Yea-Nay Vote. 13 - 71. Record Vote Number: 195. (All Actions),congress.gov/amendment/118th-congress/senate-amendment/376?r=33&s=1&s=1&r=34,07/20/23,R,NA,RCV
118th Congress (2023-2024),S.Amdt.838,S.Amdt.935,"Hawley, Josh [Sen.-R-MO]","Amendment SA 838 under the order of 7/19/2023, not having achieved 60 votes in the affirmative, was not agreed to in Senate by Yea-Nay Vote. 39 - 60. Record Vote Number: 192. (All Actions)",congress.gov/amendment/118th-congress/senate-amendment/838?r=34&s=1&s=1&r=35,07/19/23,R,NA,RCV
118th Congress (2023-2024),S.Amdt.222,S.Amdt.935,"Paul, Rand [Sen.-R-KY]","Amendment SA 222 under the order of 7/19/2023, not having achieved 60 votes in the affirmative, was not agreed to in Senate by Yea-Nay Vote. 16 - 83. Record Vote Number: 191. (All Actions)",congress.gov/amendment/118th-congress/senate-amendment/222?r=35&s=1&s=1&r=36,07/19/23,R,NA,RCV
118th Congress (2023-2024),S.Amdt.102,H.R.3746,"Kennedy, John [Sen.-R-LA]",Amendment SA 102 not agreed to in Senate by Voice Vote. (All Actions),congress.gov/amendment/118th-congress/senate-amendment/102?r=36&s=1&s=1&r=37,06/01/23,R,NA,VV
118th Congress (2023-2024),S.Amdt.104,H.R.3746,"Kennedy, John [Sen.-R-LA]","Amendment SA 104, under the order of 6/1/2023, not having achieved 60 votes in the affirmative, was not agreed to in Senate by Yea-Nay Vote. 46 - 51. Record Vote Number: 141. (All Actions)",congress.gov/amendment/118th-congress/senate-amendment/104?r=36&s=1&r=38,06/01/23,R,NA,RCV
118th Congress (2023-2024),S.Amdt.106,H.R.3746,"Cotton, Tom [Sen.-R-AR]","Amendment SA 106, under the order of 6/1/2023, not having achieved 60 votes in the affirmative, was not agreed to in Senate by Yea-Nay Vote. 48 - 51. Record Vote Number: 142. (All Actions)",congress.gov/amendment/118th-congress/senate-amendment/106?r=36&s=1&r=39,06/01/23,R,NA,RCV
118th Congress (2023-2024),S.Amdt.98,H.R.3746,"Lee, Mike [Sen.-R-UT]",Amendment SA 98 not agreed to in Senate by Yea-Nay Vote. 48 - 51. Record Vote Number: 144. (All Actions),congress.gov/amendment/118th-congress/senate-amendment/98?r=36&s=1&r=40,06/01/23,R,NA,RCV
118th Congress (2023-2024),S.Amdt.93,H.R.3746,"Hawley, Josh [Sen.-R-MO]","Amendment SA 93, under the order of 6/1/2023, not having achieved 60 votes in the affirmative, was not agreed to in Senate by Yea-Nay Vote. 17 - 81. Record Vote Number: 140. (All Actions)",congress.gov/amendment/118th-congress/senate-amendment/93?r=36&s=1&r=41,06/01/23,R,NA,RCV
118th Congress (2023-2024),S.Amdt.91,H.R.3746,"Braun, Mike [Sen.-R-IN]","Amendment SA 91, under the order of 6/1/2023, not having achieved 60 votes in the affirmative, was not agreed to in Senate by Yea-Nay Vote. 35 - 62. Record Vote Number: 137. (All Actions)",congress.gov/amendment/118th-congress/senate-amendment/91?r=36&s=1&r=42,06/01/23,R,NA,RCV
118th Congress (2023-2024),S.Amdt.107,H.R.3746,"Paul, Rand [Sen.-R-KY]","Amendment SA 107, under the order of 6/1/2023, not having achieved 60 votes in the affirmative, was not agreed to in Senate by Yea-Nay Vote. 21 - 75. Record Vote Number: 136. (All Actions)",congress.gov/amendment/118th-congress/senate-amendment/107?r=36&s=1&r=43,06/01/23,R,NA,RCV
118th Congress (2023-2024),S.Amdt.125,H.R.3746,"Sullivan, Dan [Sen.-R-AK]","Amendment SA 125, under the order of 6/1/2023, not having achieved 60 votes in the affirmative, was not agreed to in Senate by Yea-Nay Vote. 49 - 48. Record Vote Number: 139. (All Actions)",congress.gov/amendment/118th-congress/senate-amendment/125?r=36&s=1&r=44,06/01/23,R,NA,RCV
118th Congress (2023-2024),S.Amdt.110,H.R.3746,"Marshall, Roger [Sen.-R-KS]","Amendment SA 110, under the order of 6/1/2023, not having achieved 60 votes in the affirmative, was not agreed to in Senate by Yea-Nay Vote. 46 - 51. Record Vote Number: 138. (All Actions)",congress.gov/amendment/118th-congress/senate-amendment/110?r=36&s=1&r=45,06/01/23,R,NA,RCV
118th Congress (2023-2024),S.Amdt.134,H.R.3746,"Budd, Ted [Sen.-R-NC]","Amendment SA 134, under the order of 6/1/2023, not having achieved 60 votes in the affirmative, was not agreed to in Senate by Yea-Nay Vote. 47 - 52. Record Vote Number: 143. (All Actions)",congress.gov/amendment/118th-congress/senate-amendment/134?r=36&s=1&r=46,06/01/23,R,NA,RCV
118th Congress (2023-2024),S.Amdt.101,H.R.3746,"Kaine, Tim [Sen.-D-VA]",Amendment SA 101 not agreed to in Senate by Yea-Nay Vote. 30 - 69. Record Vote Number: 145. (All Actions),congress.gov/amendment/118th-congress/senate-amendment/101?r=36&s=1&r=47,06/01/23,D,NA,RCV
118th Congress (2023-2024),S.Amdt.85,S.870,"Van Hollen, Chris [Sen.-D-MD]","Amendment SA 85, under the order of 4/18/2023, not having achieved 60 votes in the affirmative, was not agreed to in Senate by Yea-Nay Vote. 46 - 51. Record Vote Number: 92. (All Actions)",congress.gov/amendment/118th-congress/senate-amendment/85?r=36&s=1&r=48,04/20/23,D,NA,RCV
118th Congress (2023-2024),S.Amdt.83,S.870,"Sullivan, Dan [Sen.-R-AK]",Amendment SA 83 not agreed to in Senate by Yea-Nay Vote. 42 - 56. Record Vote Number: 93. (All Actions),congress.gov/amendment/118th-congress/senate-amendment/83?r=36&s=1&r=49,04/20/23,R,NA,RCV
118th Congress (2023-2024),S.Amdt.81,S.870,"Scott, Rick [Sen.-R-FL]","Amendment SA 81, under the order of 4/18/2023, not having achieved 60 votes in the affirmative, was not agreed to in Senate by Yea-Nay Vote. 47 - 49. Record Vote Number: 91. (All Actions)",congress.gov/amendment/118th-congress/senate-amendment/81?r=36&s=1&r=50,04/19/23,R,NA,RCV
118th Congress (2023-2024),S.Amdt.79,S.870,"Paul, Rand [Sen.-R-KY]",Amendment SA 79 not agreed to in Senate by Yea-Nay Vote. 45 - 54. Record Vote Number: 88. (All Actions),congress.gov/amendment/118th-congress/senate-amendment/79?r=36&s=1&r=51,04/19/23,R,NA,RCV
118th Congress (2023-2024),S.Amdt.72,S.870,"Hagerty, Bill [Sen.-R-TN]","Amendment SA 72, as modified, under the order of 4/18/2023, not having achieved 60 votes in the affirmative, was not agreed to in Senate by Yea-Nay Vote. 45 - 54. Record Vote Number: 89. (All Actions)",congress.gov/amendment/118th-congress/senate-amendment/72?r=36&s=1&r=52,04/19/23,R,NA,RCV
118th Congress (2023-2024),S.Amdt.80,S.870,"Lee, Mike [Sen.-R-UT]","Amendment SA 80 under the order of 4/18/2023, not having achieved 60 votes in the affirmative, was not agreed to in Senate by Yea-Nay Vote. 49 - 50. Record Vote Number: 87. (All Actions)",congress.gov/amendment/118th-congress/senate-amendment/80?r=36&s=1&r=53,04/18/23,R,NA,RCV
118th Congress (2023-2024),S.Amdt.9,S.316,"Cruz, Ted [Sen.-R-TX]","Amendment SA 9 under the order of 3/23/2023, not having achieved 60 votes in the affirmative, was not agreed to in Senate by Yea-Nay Vote. 41 - 55. Record Vote Number: 73. (All Actions)",congress.gov/amendment/118th-congress/senate-amendment/9?r=36&s=1&r=54,03/28/23,R,NA,RCV
118th Congress (2023-2024),S.Amdt.11,S.316,"Johnson, Ron [Sen.-R-WI]","Amendment SA 11 under the order of 3/23/2023, not having achieved 60 votes in the affirmative, was not agreed to in Senate by Yea-Nay Vote. 47 - 49. Record Vote Number: 71. (All Actions)",congress.gov/amendment/118th-congress/senate-amendment/11?r=36&s=1&r=55,03/28/23,R,NA,RCV
118th Congress (2023-2024),S.Amdt.13,S.316,"Scott, Rick [Sen.-R-FL]","Amendment SA 13 under the order of 3/23/2023, not having achieved 60 votes in the affirmative, was not agreed to in Senate by Yea-Nay Vote. 33 - 62. Record Vote Number: 75. (All Actions)",congress.gov/amendment/118th-congress/senate-amendment/13?r=36&s=1&r=56,03/28/23,R,NA,RCV
118th Congress (2023-2024),S.Amdt.40,S.316,"Hawley, Josh [Sen.-R-MO]","Amendment SA 40 under the order of 3/23/2023, not having achieved 60 votes in the affirmative, was not agreed to in Senate by Yea-Nay Vote. 26 - 68. Record Vote Number: 76. (All Actions)",congress.gov/amendment/118th-congress/senate-amendment/40?r=36&s=1&r=57,03/28/23,R,NA,RCV
118th Congress (2023-2024),S.Amdt.33,S.316,"Sullivan, Dan [Sen.-R-AK]","Amendment SA 33 under the order of 3/23/2023, not having achieved 60 votes in the affirmative, was not agreed to in Senate by Yea-Nay Vote. 38 - 57. Record Vote Number: 74. (All Actions)",congress.gov/amendment/118th-congress/senate-amendment/33?r=36&s=1&r=58,03/28/23,R,NA,RCV
118th Congress (2023-2024),S.Amdt.30,S.316,"Ricketts, Pete [Sen.-R-NE]","Amendment SA 30 under the order of 3/23/2023, not having achieved 60 votes in the affirmative, was not agreed to in Senate by Yea-Nay Vote. 31 - 65. Record Vote Number: 72. (All Actions)",congress.gov/amendment/118th-congress/senate-amendment/30?r=36&s=1&r=59,03/28/23,R,NA,RCV
118th Congress (2023-2024),S.Amdt.4,S.316,"Rubio, Marco [Sen.-R-FL]","Amendment SA 4 under the order of 3/23/2023, not having achieved 60 votes in the affirmative, was not agreed to in Senate by Yea-Nay Vote. 32 - 63. Record Vote Number: 68. (All Actions)",congress.gov/amendment/118th-congress/senate-amendment/4?r=36&s=1&r=60,03/23/23,R,NA,RCV
118th Congress (2023-2024),S.Amdt.43,S.316,"Risch, James E. [Sen.-R-ID]",Amendment SA 43 not agreed to in Senate by Yea-Nay Vote. 41 - 52. Record Vote Number: 69. (All Actions),congress.gov/amendment/118th-congress/senate-amendment/43?r=36&s=1&r=61,03/23/23,R,NA,RCV
118th Congress (2023-2024),S.Amdt.22,S.316,"Lee, Mike [Sen.-R-UT]","Amendment SA 22 under the order of 3/22/2023, not having achieved 60 votes in the affirmative, was not agreed to in Senate by Yea-Nay Vote. 19 - 76. Record Vote Number: 67. (All Actions)",congress.gov/amendment/118th-congress/senate-amendment/22?r=36&s=1&r=62,03/23/23,R,NA,RCV
118th Congress (2023-2024),S.Amdt.14,S.316,"Graham, Lindsey [Sen.-R-SC]",Amendment SA 14 not agreed to in Senate by Yea-Nay Vote. 36 - 60. Record Vote Number: 66. (All Actions),congress.gov/amendment/118th-congress/senate-amendment/14?r=36&s=1&r=63,03/22/23,R,NA,RCV
118th Congress (2023-2024),S.Amdt.2,S.316,"Paul, Rand [Sen.-R-KY]","Amendment SA 2 under the order of 3/22/2023, not having achieved 60 votes in the affirmative, was not agreed to in Senate by Yea-Nay Vote. 9 - 86. Record Vote Number: 65. (All Actions)",congress.gov/amendment/118th-congress/senate-amendment/2?r=36&s=1&r=64,03/22/23,R,NA,RCV
118th Congress (2023-2024),S.Amdt.3300,S.Res.805,"Shaheen, Jeanne [Sen.-D-NH]",Amendment SA 3300 agreed to in Senate by Unanimous Consent. (All Actions),congress.gov/amendment/118th-congress/senate-amendment/3300?r=36&s=1&r=65,09/25/24,D,A,UC
118th Congress (2023-2024),S.Amdt.3301,S.Res.805,"Shaheen, Jeanne [Sen.-D-NH]",Amendment SA 3301 agreed to in Senate by Unanimous Consent. (All Actions),congress.gov/amendment/118th-congress/senate-amendment/3301?r=36&s=1&r=66,09/25/24,D,A,UC
118th Congress (2023-2024),S.Amdt.3299,S.91,"Hagerty, Bill [Sen.-R-TN]","Amendment SA 3299, not withstanding passage of the bill S.91, agreed to in Senate by Unanimous Consent. (All Actions)",congress.gov/amendment/118th-congress/senate-amendment/3299?r=36&s=1&r=67,09/25/24,R,A,UC
118th Congress (2023-2024),S.Amdt.3294,H.R.5009,"Carper, Thomas R. [Sen.-D-DE]",Amendment SA 3294 agreed to in Senate by Unanimous Consent. (All Actions),congress.gov/amendment/118th-congress/senate-amendment/3294?r=36&s=1&r=68,09/24/24,D,A,UC
118th Congress (2023-2024),S.Amdt.3295,S.91,"Hagerty, Bill [Sen.-R-TN]",Amendment SA 3295 agreed to in Senate by Unanimous Consent. (All Actions),congress.gov/amendment/118th-congress/senate-amendment/3295?r=36&s=1&r=69,09/24/24,R,A,UC
118th Congress (2023-2024),S.Amdt.3296,S.815,"Tester, Jon [Sen.-D-MT]",Amendment SA 3296 agreed to in Senate by Unanimous Consent. (All Actions),congress.gov/amendment/118th-congress/senate-amendment/3296?r=36&s=1&r=70,09/24/24,D,A,UC
118th Congress (2023-2024),S.Amdt.3297,H.R.6513,"McConnell, Mitch [Sen.-R-KY]",Amendment SA 3297 agreed to in Senate by Unanimous Consent. (All Actions),congress.gov/amendment/118th-congress/senate-amendment/3297?r=36&s=1&r=71,09/24/24,R,A,UC
118th Congress (2023-2024),S.Amdt.3292,S.4698,"Peters, Gary C. [Sen.-D-MI]","Senate vitiated previous adoption of amendement SA 3292, not withstanding passage of S. 4698, under the order of 9/23/24. (CR S6326) (All Actions)",congress.gov/amendment/118th-congress/senate-amendment/3292?r=36&s=1&r=72,09/23/24,D,A,INPUT BY HAND
118th Congress (2023-2024),S.Amdt.3293,S.4698,"Peters, Gary C. [Sen.-D-MI]",Amendment SA 3293 agreed to in Senate by Unanimous Consent. (All Actions),congress.gov/amendment/118th-congress/senate-amendment/3293?r=36&s=1&r=73,09/23/24,D,A,UC
118th Congress (2023-2024),S.Amdt.3291,S.288,"Cardin, Benjamin L. [Sen.-D-MD]",Amendment SA 3291 agreed to in Senate by Unanimous Consent. (All Actions),congress.gov/amendment/118th-congress/senate-amendment/3291?r=36&s=1&r=74,09/19/24,D,A,UC
118th Congress (2023-2024),S.Amdt.3288,S.1871,"Peters, Gary C. [Sen.-D-MI]",Amendment SA 3288 agreed to in Senate by Unanimous Consent. (All Actions),congress.gov/amendment/118th-congress/senate-amendment/3288?r=36&s=1&r=75,09/18/24,D,A,UC
118th Congress (2023-2024),S.Amdt.3224,S.4367,"Carper, Thomas R. [Sen.-D-DE]",Amendment SA 3224 agreed to in Senate by Unanimous Consent. (All Actions),congress.gov/amendment/118th-congress/senate-amendment/3224?r=36&s=1&r=76,08/01/24,D,A,UC
118th Congress (2023-2024),S.Amdt.3215,S.2781,"Heinrich, Martin [Sen.-D-NM]",Amendment SA 3215 agreed to in Senate by Unanimous Consent. (All Actions),congress.gov/amendment/118th-congress/senate-amendment/3215?r=36&s=1&r=77,07/31/24,D,A,UC
118th Congress (2023-2024),S.Amdt.3201,S.133,"Collins, Susan M. [Sen.-R-ME]",Amendment SA 3201 agreed to in Senate by Unanimous Consent. (All Actions),congress.gov/amendment/118th-congress/senate-amendment/3201?r=36&s=1&r=78,07/30/24,R,A,UC
118th Congress (2023-2024),S.Amdt.3021,S.2073,"Schumer, Charles E. [Sen.-D-NY]",Amendment SA 3021 agreed to in Senate by Yea-Nay Vote. 91 - 3. Record Vote Number: 221. (All Actions),congress.gov/amendment/118th-congress/senate-amendment/3021?r=36&s=1&r=79,07/30/24,D,A,RCV
118th Congress (2023-2024),S.Amdt.3049,S.3696,"Durbin, Richard J. [Sen.-D-IL]",Amendment SA 3049 agreed to in Senate by Unanimous Consent. (All Actions),congress.gov/amendment/118th-congress/senate-amendment/3049?r=36&s=1&r=80,07/23/24,D,A,UC
118th Congress (2023-2024),S.Amdt.2399,S.150,"Cornyn, John [Sen.-R-TX]",Amendment SA 2399 agreed to in Senate by Unanimous Consent. (All Actions),congress.gov/amendment/118th-congress/senate-amendment/2399?r=36&s=1&r=81,07/11/24,R,A,UC
118th Congress (2023-2024),S.Amdt.2248,S.412,"Klobuchar, Amy [Sen.-D-MN]",Amendment SA 2248 agreed to in Senate by Unanimous Consent. (All Actions),congress.gov/amendment/118th-congress/senate-amendment/2248?r=36&s=1&r=82,07/10/24,D,A,UC
118th Congress (2023-2024),S.Amdt.2074,S.1987,"Tester, Jon [Sen.-D-MT]",Amendment SA 2074 agreed to in Senate by Unanimous Consent. (All Actions),congress.gov/amendment/118th-congress/senate-amendment/2074?r=36&s=1&r=83,06/20/24,D,A,UC
118th Congress (2023-2024),S.Amdt.2073,S.2291,"Peters, Gary C. [Sen.-D-MI]",Amendment SA 2073 agreed to in Senate by Unanimous Consent. (All Actions),congress.gov/amendment/118th-congress/senate-amendment/2073?r=36&s=1&r=84,06/05/24,D,A,UC
118th Congress (2023-2024),S.Amdt.2072,S.3237,"Tillis, Thomas [Sen.-R-NC]",Amendment SA 2072 agreed to in Senate by Unanimous Consent. (All Actions),congress.gov/amendment/118th-congress/senate-amendment/2072?r=36&s=1&r=85,06/04/24,R,A,UC
118th Congress (2023-2024),S.Amdt.1911,H.R.3935,"Cantwell, Maria [Sen.-D-WA]",Amendment SA 1911 as modified agreed to in Senate by Voice Vote. (All Actions),congress.gov/amendment/118th-congress/senate-amendment/1911?r=36&s=1&r=86,05/09/24,D,A,VV
118th Congress (2023-2024),S.Amdt.2066,S.2825,"Cornyn, John [Sen.-R-TX]",Amendment SA 2066 agreed to in Senate by Unanimous Consent. (All Actions),congress.gov/amendment/118th-congress/senate-amendment/2066?r=36&s=1&r=87,05/09/24,R,A,UC
118th Congress (2023-2024),S.Amdt.1835,S.2958,"Carper, Thomas R. [Sen.-D-DE]",Amendment SA 1835 agreed to in Senate by Unanimous Consent. (All Actions),congress.gov/amendment/118th-congress/senate-amendment/1835?r=36&s=1&r=88,04/18/24,D,A,UC
118th Congress (2023-2024),S.Amdt.1819,S.Res.174,"Coons, Christopher A. [Sen.-D-DE]",Amendment SA 1819 agreed to in Senate by Unanimous Consent. (All Actions),congress.gov/amendment/118th-congress/senate-amendment/1819?r=36&s=1&r=89,04/15/24,D,A,UC
118th Congress (2023-2024),S.Amdt.1818,S.3613,"Peters, Gary C. [Sen.-D-MI]",Amendment SA 1818 agreed to in Senate by Unanimous Consent. (All Actions),congress.gov/amendment/118th-congress/senate-amendment/1818?r=36&s=1&r=90,03/23/24,D,A,UC
118th Congress (2023-2024),S.Amdt.1691,S.1189,"Capito, Shelley Moore [Sen.-R-WV]",Amendment SA 1691 agreed to in Senate by Unanimous Consent. (All Actions),congress.gov/amendment/118th-congress/senate-amendment/1691?r=36&s=1&r=91,03/12/24,R,A,UC
118th Congress (2023-2024),S.Amdt.1693,H.R.2882,"Kelly, Mark [Sen.-D-AZ]",Amendment SA 1693 agreed to in Senate by Unanimous Consent. (All Actions),congress.gov/amendment/118th-congress/senate-amendment/1693?r=36&s=1&r=92,03/12/24,D,A,UC
118th Congress (2023-2024),S.Amdt.1694,S.50,"Rubio, Marco [Sen.-R-FL]",Amendment SA 1694 agreed to in Senate by Unanimous Consent. (All Actions),congress.gov/amendment/118th-congress/senate-amendment/1694?r=36&s=1&r=93,03/12/24,R,A,UC
118th Congress (2023-2024),S.Amdt.1692,S.1194,"Carper, Thomas R. [Sen.-D-DE]",Amendment SA 1692 agreed to in Senate by Unanimous Consent. (All Actions),congress.gov/amendment/118th-congress/senate-amendment/1692?r=36&s=1&r=94,03/12/24,D,A,UC
118th Congress (2023-2024),S.Amdt.1388,H.R.815,"Murray, Patty [Sen.-D-WA]",Amendment SA 1388 agreed to in Senate by Yea-Nay Vote. 66 - 33. Record Vote Number: 46. (All Actions),congress.gov/amendment/118th-congress/senate-amendment/1388?r=36&s=1&r=95,02/12/24,D,A,RCV
118th Congress (2023-2024),S.Amdt.1594,S.1147,"Cornyn, John [Sen.-R-TX]",Amendment SA 1594 agreed to in Senate by Unanimous Consent. (All Actions),congress.gov/amendment/118th-congress/senate-amendment/1594?r=36&s=1&r=96,02/09/24,R,A,UC
118th Congress (2023-2024),S.Amdt.1381,H.R.2872,"Murray, Patty [Sen.-D-WA]",Amendment SA 1381 agreed to in Senate by Unanimous Consent. (All Actions),congress.gov/amendment/118th-congress/senate-amendment/1381?r=36&s=1&r=97,01/18/24,D,A,UC
118th Congress (2023-2024),S.Amdt.1379,S.484,"Peters, Gary C. [Sen.-D-MI]",Amendment SA 1379 agreed to in Senate by Unanimous Consent. (All Actions),congress.gov/amendment/118th-congress/senate-amendment/1379?r=36&s=1&r=98,12/19/23,D,A,UC
118th Congress (2023-2024),S.Amdt.1380,S.Res.423,"Ernst, Joni [Sen.-R-IA]",Amendment SA 1380 agreed to in Senate by Unanimous Consent. (All Actions),congress.gov/amendment/118th-congress/senate-amendment/1380?r=36&s=1&r=99,12/19/23,R,A,UC
118th Congress (2023-2024),S.Amdt.1378,S.2228,"Kelly, Mark [Sen.-D-AZ]",Amendment SA 1378 agreed to in Senate by Unanimous Consent. (All Actions),congress.gov/amendment/118th-congress/senate-amendment/1378?r=36&s=1&r=100,12/14/23,D,A,UC
118th Congress (2023-2024),S.Amdt.1377,S.474,"Blackburn, Marsha [Sen.-R-TN]",Amendment SA 1377 agreed to in Senate by Unanimous Consent. (All Actions),congress.gov/amendment/118th-congress/senate-amendment/1377?r=36&s=1&r=101,12/14/23,R,A,UC
118th Congress (2023-2024),S.Amdt.1372,S.3250,"Cornyn, John [Sen.-R-TX]",Amendment SA 1372 agreed to in Senate by Unanimous Consent. (All Actions),congress.gov/amendment/118th-congress/senate-amendment/1372?r=36&s=1&r=102,12/06/23,R,A,UC
118th Congress (2023-2024),S.Amdt.1370,S.2087,"Lummis, Cynthia M. [Sen.-R-WY]",Amendment SA 1370 agreed to in Senate by Unanimous Consent. (All Actions),congress.gov/amendment/118th-congress/senate-amendment/1370?r=36&s=1&r=103,12/04/23,R,A,UC
118th Congress (2023-2024),S.Amdt.1369,S.1510,"Braun, Mike [Sen.-R-IN]",Amendment SA 1369 agreed to in Senate by Unanimous Consent. (All Actions),congress.gov/amendment/118th-congress/senate-amendment/1369?r=36&s=1&r=104,11/16/23,R,A,UC
118th Congress (2023-2024),S.Amdt.1367,S.3000,"Peters, Gary C. [Sen.-D-MI]",,congress.gov/amendment/118th-congress/senate-amendment/1367?r=36&s=1&r=105,,D,INPUT BY HAND,INPUT BY HAND
118th Congress (2023-2024),S.Amdt.1368,S.106,"Baldwin, Tammy [Sen.-D-WI]",Amendment SA 1368 agreed to in Senate by Unanimous Consent. (All Actions),congress.gov/amendment/118th-congress/senate-amendment/1368?r=36&s=1&r=106,11/16/23,D,A,UC
118th Congress (2023-2024),S.Amdt.1365,S.Res.408,"Rosen, Jacky [Sen.-D-NV]",Amendment SA 1365 agreed to in Senate by Unanimous Consent. (All Actions),congress.gov/amendment/118th-congress/senate-amendment/1365?r=36&s=1&r=107,11/09/23,D,A,UC
118th Congress (2023-2024),S.Amdt.1364,S.Res.408,"Rosen, Jacky [Sen.-D-NV]",Amendment SA 1364 agreed to in Senate by Unanimous Consent. (All Actions),congress.gov/amendment/118th-congress/senate-amendment/1364?r=36&s=1&r=108,11/09/23,D,A,UC
118th Congress (2023-2024),S.Amdt.1363,S.670,"Peters, Gary C. [Sen.-D-MI]",Amendment SA 1363 agreed to in Senate by Unanimous Consent. (All Actions),congress.gov/amendment/118th-congress/senate-amendment/1363?r=36&s=1&r=109,11/08/23,D,A,UC
118th Congress (2023-2024),S.Amdt.1362,S.Res.126,"Merkley, Jeff [Sen.-D-OR]",Amendment SA 1362 agreed to in Senate by Unanimous Consent. (All Actions),congress.gov/amendment/118th-congress/senate-amendment/1362?r=36&s=1&r=110,11/06/23,D,A,UC
118th Congress (2023-2024),S.Amdt.1361,S.499,"Cornyn, John [Sen.-R-TX]",Amendment SA 1361 agreed to in Senate by Unanimous Consent. (All Actions),congress.gov/amendment/118th-congress/senate-amendment/1361?r=36&s=1&r=111,11/02/23,R,A,UC
118th Congress (2023-2024),S.Amdt.1360,S.Con.Res.7,"Cardin, Benjamin L. [Sen.-D-MD]",Amendment SA 1360 agreed to in Senate by Unanimous Consent. (All Actions),congress.gov/amendment/118th-congress/senate-amendment/1360?r=36&s=1&r=112,11/02/23,D,A,UC
118th Congress (2023-2024),S.Amdt.1359,S.Con.Res.7,"Cardin, Benjamin L. [Sen.-D-MD]",Amendment SA 1359 agreed to in Senate by Unanimous Consent. (All Actions),congress.gov/amendment/118th-congress/senate-amendment/1359?r=36&s=1&r=113,11/02/23,D,A,UC
118th Congress (2023-2024),S.Amdt.1092,H.R.4366,"Murray, Patty [Sen.-D-WA]",Amendment SA 1092 agreed to in Senate by Voice Vote. (All Actions),congress.gov/amendment/118th-congress/senate-amendment/1092?r=36&s=1&r=114,11/01/23,D,A,VV
118th Congress (2023-2024),S.Amdt.1357,H.R.662,"Scott, Rick [Sen.-R-FL]",Amendment SA 1357 agreed to in Senate by Unanimous Consent. (All Actions),congress.gov/amendment/118th-congress/senate-amendment/1357?r=36&s=1&r=115,11/01/23,R,A,UC
118th Congress (2023-2024),S.Amdt.1177,S.Amdt.1092,"Ernst, Joni [Sen.-R-IA]",Amendment SA 1177 agreed to in Senate by Voice Vote. (All Actions),congress.gov/amendment/118th-congress/senate-amendment/1177?r=36&s=1&r=116,10/31/23,R,A,VV
118th Congress (2023-2024),S.Amdt.1358,S.447,"Hickenlooper, John W. [Sen.-D-CO]",Amendment SA 1358 agreed to in Senate by Unanimous Consent. (All Actions),congress.gov/amendment/118th-congress/senate-amendment/1358?r=116&s=1&s=1&r=117,10/31/23,D,A,UC
118th Congress (2023-2024),S.Amdt.1349,S.Amdt.1092,"Blackburn, Marsha [Sen.-R-TN]",Amendment SA 1349 agreed to in Senate by Voice Vote. (All Actions),congress.gov/amendment/118th-congress/senate-amendment/1349?r=116&s=1&r=118,10/31/23,R,A,VV
118th Congress (2023-2024),S.Amdt.1200,S.Amdt.1092,"Hawley, Josh [Sen.-R-MO]",Amendment SA 1200 agreed to in Senate by Yea-Nay Vote. 61 - 36. Record Vote Number: 277. (All Actions),congress.gov/amendment/118th-congress/senate-amendment/1200?r=118&s=1&s=1&r=119,10/31/23,R,A,RCV
118th Congress (2023-2024),S.Amdt.1220,S.Amdt.1092,"Rosen, Jacky [Sen.-D-NV]",Amendment SA 1220 agreed to in Senate by Voice Vote. (All Actions),congress.gov/amendment/118th-congress/senate-amendment/1220?r=119&s=1&s=1&r=120,10/25/23,D,A,VV
118th Congress (2023-2024),S.Amdt.1255,S.Amdt.1092,"Ossoff, Jon [Sen.-D-GA]",Amendment SA 1255 agreed to in Senate by Voice Vote. (All Actions),congress.gov/amendment/118th-congress/senate-amendment/1255?r=120&s=1&s=1&r=121,10/25/23,D,A,VV
118th Congress (2023-2024),S.Amdt.1185,S.Amdt.1092,"Daines, Steve [Sen.-R-MT]",Amendment SA 1185 agreed to in Senate by Voice Vote. (All Actions),congress.gov/amendment/118th-congress/senate-amendment/1185?r=121&s=1&s=1&r=122,10/25/23,R,A,VV
118th Congress (2023-2024),S.Amdt.1283,S.Amdt.1092,"Peters, Gary C. [Sen.-D-MI]",Amendment SA 1283 agreed to in Senate by Voice Vote. (All Actions),congress.gov/amendment/118th-congress/senate-amendment/1283?r=122&s=1&s=1&r=123,10/25/23,D,A,VV
118th Congress (2023-2024),S.Amdt.1277,S.Amdt.1092,"Cardin, Benjamin L. [Sen.-D-MD]",Amendment SA 1277 agreed to in Senate by Voice Vote. (All Actions),congress.gov/amendment/118th-congress/senate-amendment/1277?r=123&s=1&s=1&r=124,10/25/23,D,A,VV
118th Congress (2023-2024),S.Amdt.1203,S.Amdt.1092,"Klobuchar, Amy [Sen.-D-MN]",Amendment SA 1203 agreed to in Senate by Voice Vote. (All Actions),congress.gov/amendment/118th-congress/senate-amendment/1203?r=124&s=1&s=1&r=125,10/25/23,D,A,VV
118th Congress (2023-2024),S.Amdt.1139,S.Amdt.1092,"Padilla, Alex [Sen.-D-CA]",Amendment SA 1139 agreed to in Senate by Voice Vote. (All Actions),congress.gov/amendment/118th-congress/senate-amendment/1139?r=125&s=1&s=1&r=126,10/25/23,D,A,VV
118th Congress (2023-2024),S.Amdt.1175,S.Amdt.1092,"Booker, Cory A. [Sen.-D-NJ]",Amendment SA 1175 agreed to in Senate by Voice Vote. (All Actions),congress.gov/amendment/118th-congress/senate-amendment/1175?r=126&s=1&s=1&r=127,10/25/23,D,A,VV
118th Congress (2023-2024),S.Amdt.1134,S.Amdt.1092,"Smith, Tina [Sen.-D-MN]",Amendment SA 1134 agreed to in Senate by Voice Vote. (All Actions),congress.gov/amendment/118th-congress/senate-amendment/1134?r=127&s=1&s=1&r=128,10/25/23,D,A,VV
118th Congress (2023-2024),S.Amdt.1131,S.Amdt.1092,"Shaheen, Jeanne [Sen.-D-NH]",Amendment SA 1131 agreed to in Senate by Voice Vote. (All Actions),congress.gov/amendment/118th-congress/senate-amendment/1131?r=128&s=1&s=1&r=129,10/25/23,D,A,VV
118th Congress (2023-2024),S.Amdt.1354,S.Amdt.1092,"Kennedy, John [Sen.-R-LA]",Amendment SA 1354 agreed to in Senate by Yea-Nay Vote. 53 - 45. Record Vote Number: 268. (All Actions),congress.gov/amendment/118th-congress/senate-amendment/1354?r=129&s=1&s=1&r=130,10/25/23,R,A,RCV
118th Congress (2023-2024),S.Amdt.1352,S.Amdt.1092,"Merkley, Jeff [Sen.-D-OR]",Amendment SA 1352 agreed to in Senate by Voice Vote. (All Actions),congress.gov/amendment/118th-congress/senate-amendment/1352?r=130&s=1&s=1&r=131,10/25/23,D,A,VV
118th Congress (2023-2024),S.Amdt.1351,S.Amdt.1092,"Warnock, Raphael G. [Sen.-D-GA]",Amendment SA 1351 agreed to in Senate by Voice Vote. (All Actions),congress.gov/amendment/118th-congress/senate-amendment/1351?r=131&s=1&s=1&r=132,10/25/23,D,A,VV
118th Congress (2023-2024),S.Amdt.1270,S.Amdt.1092,"Britt, Katie Boyd [Sen.-R-AL]",Amendment SA 1270 agreed to in Senate by Voice Vote. (All Actions),congress.gov/amendment/118th-congress/senate-amendment/1270?r=132&s=1&s=1&r=133,10/25/23,R,A,VV
118th Congress (2023-2024),S.Amdt.1250,S.Amdt.1092,"Moran, Jerry [Sen.-R-KS]",Amendment SA 1250 agreed to in Senate by Voice Vote. (All Actions),congress.gov/amendment/118th-congress/senate-amendment/1250?r=133&s=1&s=1&r=134,10/25/23,R,A,VV
118th Congress (2023-2024),S.Amdt.1264,S.Amdt.1092,"Tillis, Thomas [Sen.-R-NC]",Amendment SA 1264 agreed to in Senate by Voice Vote. (All Actions),congress.gov/amendment/118th-congress/senate-amendment/1264?r=134&s=1&s=1&r=135,10/25/23,R,A,VV
118th Congress (2023-2024),S.Amdt.1210,S.Amdt.1092,"Vance, J. D. [Sen.-R-OH]",Amendment SA 1210 agreed to in Senate by Yea-Nay Vote. 59 - 38. Record Vote Number: 266. (All Actions),congress.gov/amendment/118th-congress/senate-amendment/1210?r=135&s=1&s=1&r=136,10/25/23,R,A,RCV
118th Congress (2023-2024),S.Amdt.1216,S.Amdt.1092,"Sullivan, Dan [Sen.-R-AK]",Amendment SA 1216 agreed to in Senate by Voice Vote. (All Actions),congress.gov/amendment/118th-congress/senate-amendment/1216?r=136&s=1&s=1&r=137,10/25/23,R,A,VV
118th Congress (2023-2024),S.Amdt.1221,S.Amdt.1092,"Sullivan, Dan [Sen.-R-AK]",Amendment SA 1221 agreed to in Senate by Voice Vote. (All Actions),congress.gov/amendment/118th-congress/senate-amendment/1221?r=137&s=1&s=1&r=138,10/25/23,R,A,VV
118th Congress (2023-2024),S.Amdt.1202,S.Amdt.1092,"Reed, Jack [Sen.-D-RI]",Amendment SA 1202 agreed to in Senate by Voice Vote. (All Actions),congress.gov/amendment/118th-congress/senate-amendment/1202?r=138&s=1&s=1&r=139,10/25/23,D,A,VV
118th Congress (2023-2024),S.Amdt.1133,S.Amdt.1092,"Kelly, Mark [Sen.-D-AZ]",Amendment SA 1133 agreed to in Senate by Voice Vote. (All Actions),congress.gov/amendment/118th-congress/senate-amendment/1133?r=139&s=1&s=1&r=140,10/25/23,D,A,VV
118th Congress (2023-2024),S.Amdt.1140,S.Amdt.1092,"Padilla, Alex [Sen.-D-CA]",Amendment SA 1140 agreed to in Senate by Voice Vote. (All Actions),congress.gov/amendment/118th-congress/senate-amendment/1140?r=140&s=1&s=1&r=141,10/25/23,D,A,VV
118th Congress (2023-2024),S.Amdt.1113,S.Amdt.1092,"Hirono, Mazie K. [Sen.-D-HI]",Amendment SA 1113 agreed to in Senate by Voice Vote. (All Actions),congress.gov/amendment/118th-congress/senate-amendment/1113?r=141&s=1&s=1&r=142,10/25/23,D,A,VV
118th Congress (2023-2024),S.Amdt.1116,S.Amdt.1092,"Kelly, Mark [Sen.-D-AZ]",Amendment SA 1116 agreed to in Senate by Voice Vote. (All Actions),congress.gov/amendment/118th-congress/senate-amendment/1116?r=142&s=1&s=1&r=143,10/25/23,D,A,VV
118th Congress (2023-2024),S.Amdt.1117,S.Amdt.1092,"Rosen, Jacky [Sen.-D-NV]",Amendment SA 1117 agreed to in Senate by Voice Vote. (All Actions),congress.gov/amendment/118th-congress/senate-amendment/1117?r=143&s=1&s=1&r=144,10/25/23,D,A,VV
118th Congress (2023-2024),S.Amdt.1115,S.Amdt.1092,"Stabenow, Debbie [Sen.-D-MI]",Amendment SA 1115 agreed to in Senate by Voice Vote. (All Actions),congress.gov/amendment/118th-congress/senate-amendment/1115?r=144&s=1&s=1&r=145,10/25/23,D,A,VV
118th Congress (2023-2024),S.Amdt.1120,S.Amdt.1092,"Schatz, Brian [Sen.-D-HI]",Amendment SA 1120 agreed to in Senate by Voice Vote. (All Actions),congress.gov/amendment/118th-congress/senate-amendment/1120?r=145&s=1&s=1&r=146,10/25/23,D,A,VV
118th Congress (2023-2024),S.Amdt.1286,S.Res.208,"Shaheen, Jeanne [Sen.-D-NH]",Amendment SA 1286 agreed to in Senate by Unanimous Consent. (All Actions),congress.gov/amendment/118th-congress/senate-amendment/1286?r=146&s=1&s=1&r=147,09/21/23,D,A,UC
118th Congress (2023-2024),S.Amdt.1287,S.Res.208,"Shaheen, Jeanne [Sen.-D-NH]",Amendment SA 1287 agreed to in Senate by Unanimous Consent. (All Actions),congress.gov/amendment/118th-congress/senate-amendment/1287?r=146&s=1&r=148,09/21/23,D,A,UC
118th Congress (2023-2024),S.Amdt.1261,S.Res.238,"Tester, Jon [Sen.-D-MT]",Amendment SA 1261 agreed to in Senate by Unanimous Consent. (consideration: CR S4606) (All Actions),congress.gov/amendment/118th-congress/senate-amendment/1261?r=146&s=1&r=149,09/19/23,D,A,UC
118th Congress (2023-2024),S.Amdt.1087,S.Amdt.935,"Reed, Jack [Sen.-D-RI]",Amendment SA 1087 agreed to in Senate by Yea-Nay Vote. 94 - 3. Record Vote Number: 211. (All Actions),congress.gov/amendment/118th-congress/senate-amendment/1087?r=146&s=1&r=150,07/27/23,D,A,RCV
118th Congress (2023-2024),S.Amdt.1088,S.1528,"Peters, Gary C. [Sen.-D-MI]",Amendment SA 1088 agreed to in Senate by Unanimous Consent. (All Actions),congress.gov/amendment/118th-congress/senate-amendment/1088?r=150&s=1&s=1&r=151,07/27/23,D,A,UC
118th Congress (2023-2024),S.Amdt.230,S.Amdt.935,"Young, Todd [Sen.-R-IN]",Amendment SA 230 agreed to in Senate by Voice Vote. (All Actions),congress.gov/amendment/118th-congress/senate-amendment/230?r=150&s=1&r=152,07/27/23,R,A,VV
118th Congress (2023-2024),S.Amdt.1090,S.992,"Cruz, Ted [Sen.-R-TX]",Amendment SA 1090 agreed to in Senate by Unanimous Consent. (All Actions),congress.gov/amendment/118th-congress/senate-amendment/1090?r=152&s=1&s=1&r=153,07/27/23,R,A,UC
118th Congress (2023-2024),S.Amdt.1065,S.Amdt.935,"Gillibrand, Kirsten E. [Sen.-D-NY]","Amendment SA 1065 under the order of 7/26/2023, having achieved 60 votes in the affirmative, was agreed to in Senate by Yea-Nay Vote. 94 - 4. Record Vote Number: 206. (All Actions)",congress.gov/amendment/118th-congress/senate-amendment/1065?r=152&s=1&r=154,07/27/23,D,A,RCV
118th Congress (2023-2024),S.Amdt.1058,S.Amdt.935,"Hawley, Josh [Sen.-R-MO]","Amendment SA 1058 under the order of 7/26/2023, having achieved 60 votes in the affirmative, was agreed to in Senate by Yea-Nay Vote. 61 - 37. Record Vote Number: 207. (All Actions)",congress.gov/amendment/118th-congress/senate-amendment/1058?r=154&s=1&s=1&r=155,07/27/23,R,A,RCV
118th Congress (2023-2024),S.Amdt.999,S.Amdt.935,"Barrasso, John [Sen.-R-WY]","Amendment SA 999 under the order of 7/26/2023, having achieved 60 votes in the affirmative, was agreed to in Senate by Yea-Nay Vote. 96 - 3. Record Vote Number: 202. (All Actions)",congress.gov/amendment/118th-congress/senate-amendment/999?r=155&s=1&s=1&r=156,07/27/23,R,A,RCV
118th Congress (2023-2024),S.Amdt.944,S.Amdt.935,"Scott, Tim [Sen.-R-SC]",Amendment SA 944 agreed to in Senate by Voice Vote. (All Actions),congress.gov/amendment/118th-congress/senate-amendment/944?r=156&s=1&s=1&r=157,07/27/23,R,A,VV
118th Congress (2023-2024),S.Amdt.1089,S.788,"Boozman, John [Sen.-R-AR]",Amendment SA 1089 agreed to in Senate by Unanimous Consent. (All Actions),congress.gov/amendment/118th-congress/senate-amendment/1089?r=157&s=1&s=1&r=158,07/27/23,R,A,UC
118th Congress (2023-2024),S.Amdt.1091,S.1858,"Peters, Gary C. [Sen.-D-MI]",Amendment SA 1091 agreed to in Senate by Unanimous Consent. (All Actions),congress.gov/amendment/118th-congress/senate-amendment/1091?r=157&s=1&r=159,07/27/23,D,A,UC
118th Congress (2023-2024),S.Amdt.1084,S.Amdt.935,"Daines, Steve [Sen.-R-MT]",Amendment SA 1084 agreed to in Senate by Voice Vote. (All Actions),congress.gov/amendment/118th-congress/senate-amendment/1084?r=157&s=1&r=160,07/27/23,R,A,VV
118th Congress (2023-2024),S.Amdt.935,S.2226,"Reed, Jack [Sen.-D-RI]","Amendment SA 935, as amended, agreed to in Senate by Unanimous Consent. (All Actions)",congress.gov/amendment/118th-congress/senate-amendment/935?r=160&s=1&s=1&r=161,07/27/23,D,A,UC
118th Congress (2023-2024),S.Amdt.1078,S.Amdt.935,"Schatz, Brian [Sen.-D-HI]","Amendment SA 1078 under the order of 7/27/2023, having achieved 60 votes in the affirmative, was agreed to in Senate by Yea-Nay Vote. 86 - 11. Record Vote Number: 209. (All Actions)",congress.gov/amendment/118th-congress/senate-amendment/1078?r=160&s=1&r=162,07/27/23,D,A,RCV
118th Congress (2023-2024),S.Amdt.638,S.Amdt.935,"Menendez, Robert [Sen.-D-NJ]","Amendment SA 638 under the order of 7/26/2023, having achieved 60 votes in the affirmative, was agreed to in Senate by Yea-Nay Vote. 96 - 2. Record Vote Number: 208. (All Actions)",congress.gov/amendment/118th-congress/senate-amendment/638?r=162&s=1&s=1&r=163,07/27/23,D,A,RCV
118th Congress (2023-2024),S.Amdt.705,S.Amdt.935,"Cardin, Benjamin L. [Sen.-D-MD]",Amendment SA 705 agreed to in Senate by Voice Vote. (All Actions),congress.gov/amendment/118th-congress/senate-amendment/705?r=163&s=1&s=1&r=164,07/27/23,D,A,VV
118th Congress (2023-2024),S.Amdt.1066,S.Res.166,"Cruz, Ted [Sen.-R-TX]",Amendment SA 1066 agreed to in Senate by Unanimous Consent. (All Actions),congress.gov/amendment/118th-congress/senate-amendment/1066?r=164&s=1&s=1&r=165,07/26/23,R,A,UC
118th Congress (2023-2024),S.Amdt.199,S.Amdt.935,"Warnock, Raphael G. [Sen.-D-GA]","Amendment SA 199 under the order of 7/20/2023, having achieved 60 votes in the affirmative, was agreed to in Senate by Yea-Nay Vote. 95 - 2. Record Vote Number: 198. (All Actions)",congress.gov/amendment/118th-congress/senate-amendment/199?r=164&s=1&r=166,07/26/23,D,A,RCV
118th Congress (2023-2024),S.Amdt.931,S.Amdt.935,"Cornyn, John [Sen.-R-TX]","Amendment SA 931 under the order of 7/20/2023, having achieved 60 votes in the affirmative, was agreed to in Senate by Yea-Nay Vote. 91 - 6. Record Vote Number: 196. (All Actions)",congress.gov/amendment/118th-congress/senate-amendment/931?r=166&s=1&s=1&r=167,07/25/23,R,A,RCV
118th Congress (2023-2024),S.Amdt.813,S.Amdt.935,"Rounds, Mike [Sen.-R-SD]","Amendment SA 813 under the order of 7/20/2023, having achieved 60 votes in the affirmative, was agreed to in Senate by Yea-Nay Vote. 91 - 7. Record Vote Number: 197. (All Actions)",congress.gov/amendment/118th-congress/senate-amendment/813?r=167&s=1&s=1&r=168,07/25/23,R,A,RCV
118th Congress (2023-2024),S.Amdt.510,S.Amdt.935,"Scott, Rick [Sen.-R-FL]",Amendment SA 510 agreed to in Senate by Voice Vote. (All Actions),congress.gov/amendment/118th-congress/senate-amendment/510?r=168&s=1&s=1&r=169,07/20/23,R,A,VV
118th Congress (2023-2024),S.Amdt.315,S.Amdt.935,"Sinema, Kyrsten [Sen.-I-AZ]",Amendment SA 315 agreed to in Senate by Voice Vote. (All Actions),congress.gov/amendment/118th-congress/senate-amendment/315?r=169&s=1&s=1&r=170,07/20/23,,A,VV
118th Congress (2023-2024),S.Amdt.926,S.Amdt.935,"Cruz, Ted [Sen.-R-TX]","Amendment SA 926 under the order of 7/19/2023, having achieved 60 votes in the affirmative, was agreed to in Senate by Yea-Nay Vote. 85 - 14. Record Vote Number: 194. (All Actions)",congress.gov/amendment/118th-congress/senate-amendment/926?r=170&s=1&s=1&r=171,07/20/23,R,A,RCV
118th Congress (2023-2024),S.Amdt.823,S.Amdt.935,"Romney, Mitt [Sen.-R-UT]",Amendment SA 823 agreed to in Senate by Voice Vote. (All Actions),congress.gov/amendment/118th-congress/senate-amendment/823?r=171&s=1&s=1&r=172,07/20/23,R,A,VV
118th Congress (2023-2024),S.Amdt.949,S.Amdt.935,"Moran, Jerry [Sen.-R-KS]",Amendment SA 949 agreed to in Senate by Voice Vote. (All Actions),congress.gov/amendment/118th-congress/senate-amendment/949?r=172&s=1&s=1&r=173,07/20/23,R,A,VV
118th Congress (2023-2024),S.Amdt.273,S.Amdt.935,"Grassley, Chuck [Sen.-R-IA]",Amendment SA 273 agreed to in Senate by Voice Vote. (All Actions),congress.gov/amendment/118th-congress/senate-amendment/273?r=173&s=1&s=1&r=174,07/20/23,R,A,VV
118th Congress (2023-2024),S.Amdt.224,S.Amdt.935,"Blackburn, Marsha [Sen.-R-TN]",Amendment SA 224 agreed to in Senate by Voice Vote. (All Actions),congress.gov/amendment/118th-congress/senate-amendment/224?r=174&s=1&s=1&r=175,07/20/23,R,A,VV
118th Congress (2023-2024),S.Amdt.685,S.Amdt.935,"Baldwin, Tammy [Sen.-D-WI]",Amendment SA 685 agreed to in Senate by Voice Vote. (All Actions),congress.gov/amendment/118th-congress/senate-amendment/685?r=175&s=1&s=1&r=176,07/20/23,D,A,VV
118th Congress (2023-2024),S.Amdt.300,S.Amdt.935,"Murray, Patty [Sen.-D-WA]","Amendment SA 300 under the order of 7/19/2023, having achieved 60 votes in the affirmative, was agreed to in Senate by Yea-Nay Vote. 96 - 2. Record Vote Number: 189. (All Actions)",congress.gov/amendment/118th-congress/senate-amendment/300?r=176&s=1&s=1&r=177,07/19/23,D,A,RCV
118th Congress (2023-2024),S.Amdt.429,S.Amdt.935,"Kaine, Tim [Sen.-D-VA]","Amendment SA 429 under the order of 7/19/2023, having achieved 60 votes in the affirmative, was agreed to in Senate by Yea-Nay Vote. 65 - 28. Record Vote Number: 190. (All Actions)",congress.gov/amendment/118th-congress/senate-amendment/429?r=177&s=1&s=1&r=178,07/19/23,D,A,RCV
118th Congress (2023-2024),S.Amdt.934,S.794,"Cornyn, John [Sen.-R-TX]",Amendment SA 934 agreed to in Senate by Unanimous Consent. (All Actions),congress.gov/amendment/118th-congress/senate-amendment/934?r=178&s=1&s=1&r=179,07/18/23,R,A,UC
118th Congress (2023-2024),S.Amdt.659,S.1096,"Hassan, Margaret Wood [Sen.-D-NH]",Amendment SA 659 agreed to in Senate by Unanimous Consent. (All Actions),congress.gov/amendment/118th-congress/senate-amendment/659?r=178&s=1&r=180,07/13/23,D,A,UC
118th Congress (2023-2024),S.Amdt.139,H.R.1734,"Cruz, Ted [Sen.-R-TX]",Amendment SA 139 agreed to in Senate by Unanimous Consent. (All Actions),congress.gov/amendment/118th-congress/senate-amendment/139?r=178&s=1&r=181,06/22/23,R,A,UC
118th Congress (2023-2024),S.Amdt.135,S.305,"Blumenthal, Richard [Sen.-D-CT]",Amendment SA 135 agreed to in Senate by Unanimous Consent. (All Actions),congress.gov/amendment/118th-congress/senate-amendment/135?r=178&s=1&r=182,06/13/23,D,A,UC
118th Congress (2023-2024),S.Amdt.90,S.Res.209,"Hirono, Mazie K. [Sen.-D-HI]",Amendment SA 90 agreed to in Senate by Unanimous Consent. (All Actions),congress.gov/amendment/118th-congress/senate-amendment/90?r=178&s=1&r=183,05/18/23,D,A,UC
118th Congress (2023-2024),S.Amdt.89,H.R.346,"Cantwell, Maria [Sen.-D-WA]",Amendment SA 89 agreed to in Senate by Unanimous Consent. (All Actions),congress.gov/amendment/118th-congress/senate-amendment/89?r=178&s=1&r=184,05/09/23,D,A,UC
117th Congress (2021-2022),S.Amdt.6559,S.Amdt.6552,"Johnson, Ron [Sen.-R-WI]","Amendment SA 6559, under the order of 12/22/22, not having achieved 60 votes in the affirmative, was not agreed to in Senate by Yea-Nay Vote. 47 - 50. Record Vote Number: 411.  (All Actions)",congress.gov/amendment/117th-congress/senate-amendment/6559?r=178&s=1&r=185,12/22/22,R,NA,RCV
117th Congress (2021-2022),S.Amdt.6561,S.Amdt.6552,"Paul, Rand [Sen.-R-KY]","Amendment SA 6561, under the order of 12/22/22, not having achieved 60 votes in the affirmative, was not agreed to in Senate by Yea-Nay Vote. 34 - 63. Record Vote Number: 409.  (All Actions)",congress.gov/amendment/117th-congress/senate-amendment/6561?r=185&s=1&s=1&r=186,12/22/22,R,NA,RCV
117th Congress (2021-2022),S.Amdt.6621,S.Amdt.6552,"Sinema, Kyrsten [Sen.-D-AZ]","Amendment SA 6621, under the order of 12/22/22, not having achieved 60 votes in the affirmative, was not agreed to in Senate by Yea-Nay Vote. 10 - 87. Record Vote Number: 412.  (All Actions)",congress.gov/amendment/117th-congress/senate-amendment/6621?r=186&s=1&s=1&r=187,12/22/22,D,NA,RCV
117th Congress (2021-2022),S.Amdt.6569,S.Amdt.6558 (which amends S.Amdt.6552),"Braun, Mike [Sen.-R-IN]","Amendment SA 6569, under the order of 12/22/22, not having achieved 60 votes in the affirmative, was not agreed to in Senate by Yea-Nay Vote. 40 - 57. Record Vote Number: 415.  (All Actions)",congress.gov/amendment/117th-congress/senate-amendment/6569?r=187&s=1&s=1&r=188,12/22/22,R,NA,RCV
117th Congress (2021-2022),S.Amdt.6577,S.Amdt.6558 (which amends S.Amdt.6552),"Lankford, James [Sen.-R-OK]",Amendment SA 6577 not agreed to in Senate by Yea-Nay Vote. 44 - 53. Record Vote Number: 414.  (All Actions),congress.gov/amendment/117th-congress/senate-amendment/6577?r=188&s=1&s=1&r=189,12/22/22,R,NA,RCV
117th Congress (2021-2022),S.Amdt.6555,S.Amdt.6552,"Johnson, Ron [Sen.-R-WI]",Amendment SA 6555 not agreed to in Senate by Yea-Nay Vote. 34 - 63. Record Vote Number: 410.  (All Actions),congress.gov/amendment/117th-congress/senate-amendment/6555?r=189&s=1&s=1&r=190,12/22/22,R,NA,RCV
117th Congress (2021-2022),S.Amdt.6563,S.Amdt.6552,"Lee, Mike [Sen.-R-UT]",Amendment SA 6563 not agreed to in Senate by Yea-Nay Vote. 47 - 50. Record Vote Number: 413.  (All Actions),congress.gov/amendment/117th-congress/senate-amendment/6563?r=190&s=1&s=1&r=191,12/22/22,R,NA,RCV
117th Congress (2021-2022),S.Amdt.6541,H.R.1437,"Lee, Mike [Sen.-R-UT]","Amendment SA 6541, as modified, not agreed to in Senate by Yea-Nay Vote. 35 - 56. Record Vote Number: 398. (text as modified: CR S7238-7239) (All Actions)",congress.gov/amendment/117th-congress/senate-amendment/6541?r=191&s=1&s=1&r=192,12/15/22,R,NA,RCV
117th Congress (2021-2022),S.Amdt.6526,H.R.7776,"Johnson, Ron [Sen.-R-WI]","Amendment SA 6526, under the order of 12/15/22, not having achieved 60 votes in the affirmative, was not agreed to in Senate by Yea-Nay Vote. 40 - 54. Record Vote Number: 395.  (All Actions)",congress.gov/amendment/117th-congress/senate-amendment/6526?r=191&s=1&r=193,12/15/22,R,NA,RCV
117th Congress (2021-2022),S.Amdt.6540,H.R.1437,"Scott, Rick [Sen.-R-FL]","Amendment SA 6540, under the order of 12/15/22, not having achieved 60 votes in the affirmative, was not agreed to in Senate by Yea-Nay Vote. 45 - 47. Record Vote Number: 397.  (All Actions)",congress.gov/amendment/117th-congress/senate-amendment/6540?r=191&s=1&r=194,12/15/22,R,NA,RCV
117th Congress (2021-2022),S.Amdt.6503,H.J.Res.100,"Sullivan, Dan [Sen.-R-AK]","Amendment SA 6503, under the order of 12/1/22, not having achieved 60 votes in the affirmative, not agreed to in Senate by Yea-Nay Vote. 25 - 70. Record Vote Number: 370.  (All Actions)",congress.gov/amendment/117th-congress/senate-amendment/6503?r=191&s=1&r=195,12/01/22,R,NA,RCV
117th Congress (2021-2022),S.Amdt.6496,S.Amdt.6487,"Lankford, James [Sen.-R-OK]",Amendment SA 6496 not agreed to in Senate by Yea-Nay Vote. 45 - 52. Record Vote Number: 360.  (All Actions),congress.gov/amendment/117th-congress/senate-amendment/6496?r=191&s=1&r=196,11/29/22,R,NA,RCV
117th Congress (2021-2022),S.Amdt.6493,S.Amdt.6487,"Rubio, Marco [Sen.-R-FL]",Amendment SA 6493 not agreed to in Senate by Yea-Nay Vote. 45 - 52. Record Vote Number: 361.  (All Actions),congress.gov/amendment/117th-congress/senate-amendment/6493?r=196&s=1&s=1&r=197,11/29/22,R,NA,RCV
117th Congress (2021-2022),S.Amdt.6482,S.Amdt.6487,"Lee, Mike [Sen.-R-UT]","Amendment SA 6482 under the order of 11/28/2022, not having achieved 60 votes in the affirmative, was not agreed to in Senate by Yea-Nay Vote. 48 - 49. Record Vote Number: 359.  (All Actions)",congress.gov/amendment/117th-congress/senate-amendment/6482?r=197&s=1&s=1&r=198,11/29/22,R,NA,RCV
117th Congress (2021-2022),S.Amdt.5209,S.Amdt.5194,"Sanders, Bernard [Sen.-I-VT]",Amendment SA 5209 not agreed to in Senate by Yea-Nay Vote. 1 - 98. Record Vote Number: 299.  (All Actions),congress.gov/amendment/117th-congress/senate-amendment/5209?r=198&s=1&s=1&r=199,08/07/22,,NA,RCV
117th Congress (2021-2022),S.Amdt.5281,S.Amdt.5194,"Sanders, Bernard [Sen.-I-VT]",Amendment SA 5281 not agreed to in Senate by Yea-Nay Vote. 1 - 99. Record Vote Number: 312.  (All Actions),congress.gov/amendment/117th-congress/senate-amendment/5281?r=199&s=1&s=1&r=200,08/07/22,,NA,RCV
117th Congress (2021-2022),S.Amdt.5418,S.Amdt.5194,"Shelby, Richard C. [Sen.-R-AL]",Amendment SA 5418 not agreed to in Senate by Yea-Nay Vote. 50 - 50. Record Vote Number: 306.  (All Actions),congress.gov/amendment/117th-congress/senate-amendment/5418?r=200&s=1&s=1&r=201,08/07/22,R,NA,RCV
117th Congress (2021-2022),S.Amdt.5409,S.Amdt.5194,"Barrasso, John [Sen.-R-WY]",Amendment SA 5409 not agreed to in Senate by Yea-Nay Vote. 50 - 50. Record Vote Number: 291.  (All Actions),congress.gov/amendment/117th-congress/senate-amendment/5409?r=201&s=1&s=1&r=202,08/07/22,R,NA,RCV
117th Congress (2021-2022),S.Amdt.5384,S.Amdt.5194,"Lankford, James [Sen.-R-OK]",Amendment SA 5384 not agreed to in Senate by Yea-Nay Vote. 50 - 50. Record Vote Number: 294.  (All Actions),congress.gov/amendment/117th-congress/senate-amendment/5384?r=202&s=1&s=1&r=203,08/07/22,R,NA,RCV
117th Congress (2021-2022),S.Amdt.5385,S.Amdt.5194,"Kennedy, John [Sen.-R-LA]",Amendment SA 5385 not agreed to in Senate by Yea-Nay Vote. 50 - 50. Record Vote Number: 313.  (All Actions),congress.gov/amendment/117th-congress/senate-amendment/5385?r=203&s=1&s=1&r=204,08/07/22,R,NA,RCV
117th Congress (2021-2022),S.Amdt.5211,S.Amdt.5194,"Sanders, Bernard [Sen.-I-VT]",Amendment SA 5211 not agreed to in Senate by Yea-Nay Vote. 3 - 97. Record Vote Number: 292.  (All Actions),congress.gov/amendment/117th-congress/senate-amendment/5211?r=204&s=1&s=1&r=205,08/07/22,,NA,RCV
117th Congress (2021-2022),S.Amdt.5208,S.Amdt.5194,"Sanders, Bernard [Sen.-I-VT]",Amendment SA 5208 not agreed to in Senate by Yea-Nay Vote. 1 - 97. Record Vote Number: 308.  (All Actions),congress.gov/amendment/117th-congress/senate-amendment/5208?r=205&s=1&s=1&r=206,08/07/22,,NA,RCV
117th Congress (2021-2022),S.Amdt.5382,S.Amdt.5194,"Capito, Shelley Moore [Sen.-R-WV]",Amendment SA 5382 not agreed to in Senate by Yea-Nay Vote. 50 - 50. Record Vote Number: 293.  (All Actions),congress.gov/amendment/117th-congress/senate-amendment/5382?r=206&s=1&s=1&r=207,08/07/22,R,NA,RCV
117th Congress (2021-2022),S.Amdt.5387,S.Amdt.5194,"Kennedy, John [Sen.-R-LA]",Amendment SA 5387 not agreed to in Senate by Yea-Nay Vote. 50 - 50. Record Vote Number: 303.  (All Actions),congress.gov/amendment/117th-congress/senate-amendment/5387?r=207&s=1&s=1&r=208,08/07/22,R,NA,RCV
117th Congress (2021-2022),S.Amdt.5404,S.Amdt.5194,"Crapo, Mike [Sen.-R-ID]",Amendment SA 5404 not agreed to in Senate by Yea-Nay Vote. 50 - 50. Record Vote Number: 296.  (All Actions),congress.gov/amendment/117th-congress/senate-amendment/5404?r=208&s=1&s=1&r=209,08/07/22,R,NA,RCV
117th Congress (2021-2022),S.Amdt.5389,S.Amdt.5194,"Marshall, Roger [Sen.-R-KS]",Amendment SA 5389 not agreed to in Senate by Yea-Nay Vote. 50 - 50. Record Vote Number: 298.  (All Actions),congress.gov/amendment/117th-congress/senate-amendment/5389?r=209&s=1&s=1&r=210,08/07/22,R,NA,RCV
117th Congress (2021-2022),S.Amdt.5316,S.Amdt.5194,"Lee, Mike [Sen.-R-UT]",Amendment SA 5316 not agreed to in Senate by Yea-Nay Vote. 49 - 51. Record Vote Number: 305.  (All Actions),congress.gov/amendment/117th-congress/senate-amendment/5316?r=210&s=1&s=1&r=211,08/07/22,R,NA,RCV
117th Congress (2021-2022),S.Amdt.5301,S.Amdt.5194,"Graham, Lindsey [Sen.-R-SC]",Amendment SA 5301 not agreed to in Senate by Yea-Nay Vote. 50 - 50. Record Vote Number: 289.  (All Actions),congress.gov/amendment/117th-congress/senate-amendment/5301?r=211&s=1&s=1&r=212,08/07/22,R,NA,RCV
117th Congress (2021-2022),S.Amdt.5487,S.Amdt.5194,"Graham, Lindsey [Sen.-R-SC]",Amendment SA 5487 not agreed to in Senate by Yea-Nay Vote. 50 - 50. Record Vote Number: 321.  (All Actions),congress.gov/amendment/117th-congress/senate-amendment/5487?r=212&s=1&s=1&r=213,08/07/22,R,NA,RCV
117th Congress (2021-2022),S.Amdt.5263,S.Amdt.5194,"Cruz, Ted [Sen.-R-TX]",Amendment SA 5263 not agreed to in Senate by Yea-Nay Vote. 50 - 50. Record Vote Number: 309.  (All Actions),congress.gov/amendment/117th-congress/senate-amendment/5263?r=213&s=1&s=1&r=214,08/07/22,R,NA,RCV
117th Congress (2021-2022),S.Amdt.5421,S.Amdt.5194,"Grassley, Chuck [Sen.-R-IA]",Amendment SA 5421 not agreed to in Senate by Yea-Nay Vote. 49 - 51. Record Vote Number: 301.  (All Actions),congress.gov/amendment/117th-congress/senate-amendment/5421?r=214&s=1&s=1&r=215,08/07/22,R,NA,RCV
117th Congress (2021-2022),S.Amdt.5435,S.Amdt.5194,"Sullivan, Dan [Sen.-R-AK]",Amendment SA 5435 not agreed to in Senate by Yea-Nay Vote. 50 - 50. Record Vote Number: 320.  (All Actions),congress.gov/amendment/117th-congress/senate-amendment/5435?r=215&s=1&s=1&r=216,08/07/22,R,NA,RCV
117th Congress (2021-2022),S.Amdt.5191,N/A,"Paul, Rand [Sen.-R-KY]",Amendment SA 5191 not agreed to in Senate by Yea-Nay Vote. 10 - 87. Record Vote Number: 281.  (All Actions),congress.gov/amendment/117th-congress/senate-amendment/5191?r=216&s=1&s=1&r=217,08/03/22,R,NA,RCV
117th Congress (2021-2022),S.Amdt.5184,S.3373,"Paul, Rand [Sen.-R-KY]","Amendment SA 5184, under the order of 8/2/22, not having achieved 60 votes in the affirmative, was not agreed to in Senate by Yea-Nay Vote. 7 - 90. Record Vote Number: 277.  (All Actions)",congress.gov/amendment/117th-congress/senate-amendment/5184?r=216&s=1&r=218,08/02/22,R,NA,RCV
117th Congress (2021-2022),S.Amdt.5185,S.3373,"Blackburn, Marsha [Sen.-R-TN]","Amendment SA 5185, under the order of 8/2/22, not having achieved 60 votes in the affirmative, was not agreed to in Senate by Yea-Nay Vote. 48 - 47. Record Vote Number: 279.  (All Actions)",congress.gov/amendment/117th-congress/senate-amendment/5185?r=216&s=1&r=219,08/02/22,R,NA,RCV
117th Congress (2021-2022),S.Amdt.5186,S.3373,"Toomey, Patrick [Sen.-R-PA]","Amendment SA 5186, under the order of 8/2/22, not having achieved 60 votes in the affirmative, was not agreed to in Senate by Yea-Nay Vote. 47 - 48. Record Vote Number: 278.  (All Actions)",congress.gov/amendment/117th-congress/senate-amendment/5186?r=216&s=1&r=220,08/02/22,R,NA,RCV
117th Congress (2021-2022),S.Amdt.4989,H.R.2471,"Lee, Mike [Sen.-R-UT]",Amendment SA 4989 not agreed to in Senate by Yea-Nay Vote. 49 - 50. Record Vote Number: 75.  (All Actions),congress.gov/amendment/117th-congress/senate-amendment/4989?r=216&s=1&r=221,03/10/22,R,NA,RCV
117th Congress (2021-2022),S.Amdt.4990,H.R.2471,"Braun, Mike [Sen.-R-IN]",Amendment SA 4990 not agreed to in Senate by Yea-Nay Vote. 35 - 64. Record Vote Number: 76.  (All Actions),congress.gov/amendment/117th-congress/senate-amendment/4990?r=216&s=1&r=222,03/10/22,R,NA,RCV
117th Congress (2021-2022),S.Amdt.4983,H.R.2471,"Kennedy, John [Sen.-R-LA]","Amendment SA 4983, under the order of 3/10/2022, not having achieved 60 votes in the affirmative, not agreed to in Senate by Yea-Nay Vote. 35 - 64. Record Vote Number: 77.  (All Actions)",congress.gov/amendment/117th-congress/senate-amendment/4983?r=216&s=1&r=223,03/10/22,R,NA,RCV
117th Congress (2021-2022),S.Amdt.4927,H.R.6617,"Cruz, Ted [Sen.-R-TX]",Amendment SA 4927 not agreed to in Senate by Yea-Nay Vote. 44 - 49. Record Vote Number: 62.  (All Actions),congress.gov/amendment/117th-congress/senate-amendment/4927?r=216&s=1&r=224,02/17/22,R,NA,RCV
117th Congress (2021-2022),S.Amdt.4930,H.R.6617,"Braun, Mike [Sen.-R-IN]","Amendment SA 4930, under the order of 2/17/2022, not having achieved 60 votes in the affirmative, was not agreed to in Senate by Yea-Nay Vote. 47 - 45. Record Vote Number: 63.  (All Actions)",congress.gov/amendment/117th-congress/senate-amendment/4930?r=216&s=1&r=225,02/17/22,R,NA,RCV
117th Congress (2021-2022),S.Amdt.4929,H.R.6617,"Lee, Mike [Sen.-R-UT]",Amendment SA 4929 not agreed to in Senate by Yea-Nay Vote. 46 - 47. Record Vote Number: 61.  (All Actions),congress.gov/amendment/117th-congress/senate-amendment/4929?r=216&s=1&r=226,02/17/22,R,NA,RCV
117th Congress (2021-2022),S.Amdt.6588,S.Amdt.6552,"Padilla, Alex [Sen.-D-CA]",Amendment SA 6588 agreed to in Senate by Voice Vote.  (All Actions),congress.gov/amendment/117th-congress/senate-amendment/6588?r=216&s=1&r=227,12/22/22,D,A,VV
117th Congress (2021-2022),S.Amdt.6597,S.Amdt.6552,"Klobuchar, Amy [Sen.-D-MN]","Amendment SA 6597, under the order of 12/22/22, having achieved 60 votes in the affirmative, was agreed to in Senate by Yea-Nay Vote. 88 - 8. Record Vote Number: 418.  (All Actions)",congress.gov/amendment/117th-congress/senate-amendment/6597?r=227&s=1&s=1&r=228,12/22/22,D,A,RCV
117th Congress (2021-2022),S.Amdt.6625,H.R.1082,"Wicker, Roger F. [Sen.-R-MS]",Amendment SA 6625 agreed to in Senate by Unanimous Consent.  (All Actions),congress.gov/amendment/117th-congress/senate-amendment/6625?r=228&s=1&s=1&r=229,12/22/22,R,A,UC
117th Congress (2021-2022),S.Amdt.6624,H.R.1082,"Wicker, Roger F. [Sen.-R-MS]",Amendment SA 6624 agreed to in Senate by Unanimous Consent.  (All Actions),congress.gov/amendment/117th-congress/senate-amendment/6624?r=228&s=1&r=230,12/22/22,R,A,UC
117th Congress (2021-2022),S.Amdt.6626,S.4321,"Sullivan, Dan [Sen.-R-AK]",Amendment SA 6626 agreed to in Senate by Unanimous Consent.  (All Actions),congress.gov/amendment/117th-congress/senate-amendment/6626?r=228&s=1&r=231,12/22/22,R,A,UC
117th Congress (2021-2022),S.Amdt.6627,S.3428,"Manchin, Joe, III [Sen.-D-WV]",Amendment SA 6627 agreed to in Senate by Unanimous Consent.  (All Actions),congress.gov/amendment/117th-congress/senate-amendment/6627?r=228&s=1&r=232,12/22/22,D,A,UC
117th Congress (2021-2022),S.Amdt.6628,S.3428,"Manchin, Joe, III [Sen.-D-WV]",Amendment SA 6628 agreed to in Senate by Unanimous Consent.  (All Actions),congress.gov/amendment/117th-congress/senate-amendment/6628?r=228&s=1&r=233,12/22/22,D,A,UC
117th Congress (2021-2022),S.Amdt.6596,S.Amdt.6552,"Graham, Lindsey [Sen.-R-SC]",Amendment SA 6596 as modified agreed to in Senate by Voice Vote.  (All Actions),congress.gov/amendment/117th-congress/senate-amendment/6596?r=228&s=1&r=234,12/22/22,R,A,VV
117th Congress (2021-2022),S.Amdt.6552,H.R.2617,"Leahy, Patrick J. [Sen.-D-VT]","Amendment SA 6552, under the order of 12/22/22, having achieved 60 votes in the affirmative, was agreed to in Senate by Yea-Nay Vote. 68 - 29. Record Vote Number: 421.  (All Actions)",congress.gov/amendment/117th-congress/senate-amendment/6552?r=234&s=1&s=1&r=235,12/22/22,D,A,RCV
117th Congress (2021-2022),S.Amdt.6607,S.Amdt.6552,"Gillibrand, Kirsten E. [Sen.-D-NY]","Amendment SA 6607 as modified, under the order of 12/22/22, having achieved 60 votes in the affirmative, was agreed to in Senate by Yea-Nay Vote. 90 - 6. Record Vote Number: 419.  (All Actions)",congress.gov/amendment/117th-congress/senate-amendment/6607?r=234&s=1&r=236,12/22/22,D,A,RCV
117th Congress (2021-2022),S.Amdt.6617,S.Amdt.6552,"Menendez, Robert [Sen.-D-NJ]","Amendment SA 6617, under the order of 12/22/22, having achieved 60 votes in the affirmative, was agreed to in Senate by Yea-Nay Vote. 93 - 4. Record Vote Number: 420.  (All Actions)",congress.gov/amendment/117th-congress/senate-amendment/6617?r=236&s=1&s=1&r=237,12/22/22,D,A,RCV
117th Congress (2021-2022),S.Amdt.6595,S.Amdt.6552,"Merkley, Jeff [Sen.-D-OR]","Amendment SA 6595, under the order of 12/22/22, having achieved 60 votes in the affirmative, was agreed to in Senate by Yea-Nay Vote. 92 - 5. Record Vote Number: 417.  (All Actions)",congress.gov/amendment/117th-congress/senate-amendment/6595?r=237&s=1&s=1&r=238,12/22/22,D,A,RCV
117th Congress (2021-2022),S.Amdt.6623,H.R.4373,"Leahy, Patrick J. [Sen.-D-VT]",Amendment SA 6623 agreed to in Senate by Unanimous Consent.  (All Actions),congress.gov/amendment/117th-congress/senate-amendment/6623?r=238&s=1&s=1&r=239,12/22/22,D,A,UC
117th Congress (2021-2022),S.Amdt.6576,S.Amdt.6552,"Lee, Mike [Sen.-R-UT]",Amendment SA 6576 agreed to in Senate by Voice Vote.  (All Actions),congress.gov/amendment/117th-congress/senate-amendment/6576?r=238&s=1&r=240,12/22/22,R,A,VV
117th Congress (2021-2022),S.Amdt.6558,S.Amdt.6552,"Cassidy, Bill [Sen.-R-LA]","Amendment SA 6558, under the order of 12/22/22, having achieved 60 votes in the affirmative, was agreed to in Senate by Yea-Nay Vote. 73 - 24. Record Vote Number: 416.  (All Actions)",congress.gov/amendment/117th-congress/senate-amendment/6558?r=240&s=1&s=1&r=241,12/22/22,R,A,RCV
117th Congress (2021-2022),S.Amdt.6614,S.Res.472,"Menendez, Robert [Sen.-D-NJ]",Amendment SA 6614 agreed to in Senate by Unanimous Consent.  (All Actions),congress.gov/amendment/117th-congress/senate-amendment/6614?r=241&s=1&s=1&r=242,12/21/22,D,A,UC
117th Congress (2021-2022),S.Amdt.6619,S.4814,"Hickenlooper, John W. [Sen.-D-CO]",Amendment SA 6619 agreed to in Senate by Unanimous Consent.  (All Actions),congress.gov/amendment/117th-congress/senate-amendment/6619?r=241&s=1&r=243,12/21/22,D,A,UC
117th Congress (2021-2022),S.Amdt.6590,S.4240,"Durbin, Richard J. [Sen.-D-IL]",Amendment SA 6590 agreed to in Senate by Unanimous Consent.  (All Actions),congress.gov/amendment/117th-congress/senate-amendment/6590?r=241&s=1&r=244,12/21/22,D,A,UC
117th Congress (2021-2022),S.Amdt.6580,S.1294,"Van Hollen, Chris [Sen.-D-MD]",Amendment SA 6580 agreed to in Senate by Unanimous Consent.  (All Actions),congress.gov/amendment/117th-congress/senate-amendment/6580?r=241&s=1&r=245,12/20/22,D,A,UC
117th Congress (2021-2022),S.Amdt.6583,S.3949,"Grassley, Chuck [Sen.-R-IA]",Amendment SA 6583 agreed to in Senate by Unanimous Consent.  (All Actions),congress.gov/amendment/117th-congress/senate-amendment/6583?r=241&s=1&r=246,12/20/22,R,A,UC
117th Congress (2021-2022),S.Amdt.6584,S.4120,"Reed, Jack [Sen.-D-RI]",Amendment SA 6584 agreed to in Senate by Unanimous Consent.  (All Actions),congress.gov/amendment/117th-congress/senate-amendment/6584?r=241&s=1&r=247,12/20/22,D,A,UC
117th Congress (2021-2022),S.Amdt.6586,S.3519,"Boozman, John [Sen.-R-AR]",Amendment SA 6586 agreed to in Senate by Unanimous Consent.  (All Actions),congress.gov/amendment/117th-congress/senate-amendment/6586?r=241&s=1&r=248,12/20/22,R,A,UC
117th Congress (2021-2022),S.Amdt.6587,S.1942,"Manchin, Joe, III [Sen.-D-WV]",Amendment SA 6587 agreed to in Senate by Unanimous Consent.  (All Actions),congress.gov/amendment/117th-congress/senate-amendment/6587?r=241&s=1&r=249,12/20/22,D,A,UC
117th Congress (2021-2022),S.Amdt.6578,H.R.7939,"Moran, Jerry [Sen.-R-KS]",Amendment SA 6578 agreed to in Senate by Unanimous Consent.  (All Actions),congress.gov/amendment/117th-congress/senate-amendment/6578?r=241&s=1&r=250,12/20/22,R,A,UC
117th Congress (2021-2022),S.Amdt.6556,S.5087,"Schatz, Brian [Sen.-D-HI]",Amendment SA 6556 agreed to in Senate by Unanimous Consent.  (All Actions),congress.gov/amendment/117th-congress/senate-amendment/6556?s=1&r=251,12/20/22,D,A,UC
117th Congress (2021-2022),S.Amdt.6581,S.3946,"Cornyn, John [Sen.-R-TX]",Amendment SA 6581 agreed to in Senate by Unanimous Consent.  (All Actions),congress.gov/amendment/117th-congress/senate-amendment/6581?s=1&r=252,12/20/22,R,A,UC
117th Congress (2021-2022),S.Amdt.6582,S.4859,"Durbin, Richard J. [Sen.-D-IL]",Amendment SA 6582 agreed to in Senate by Unanimous Consent.  (All Actions),congress.gov/amendment/117th-congress/senate-amendment/6582?s=1&r=253,12/20/22,D,A,UC
117th Congress (2021-2022),S.Amdt.6546,S.3168,"Schatz, Brian [Sen.-D-HI]",Amendment SA 6546 agreed to in Senate by Unanimous Consent.  (All Actions),congress.gov/amendment/117th-congress/senate-amendment/6546?s=1&r=254,12/19/22,D,A,UC
117th Congress (2021-2022),S.Amdt.6544,S.1402,"Schatz, Brian [Sen.-D-HI]",Amendment SA 6544 agreed to in Senate by Unanimous Consent.  (All Actions),congress.gov/amendment/117th-congress/senate-amendment/6544?s=1&r=255,12/19/22,D,A,UC
117th Congress (2021-2022),S.Amdt.6545,S.989,"Schatz, Brian [Sen.-D-HI]",Amendment SA 6545 agreed to in Senate by Unanimous Consent.  (All Actions),congress.gov/amendment/117th-congress/senate-amendment/6545?s=1&r=256,12/19/22,D,A,UC
117th Congress (2021-2022),S.Amdt.6547,S.4104,"Schatz, Brian [Sen.-D-HI]",Amendment SA 6547 agreed to in Senate by Unanimous Consent.  (All Actions),congress.gov/amendment/117th-congress/senate-amendment/6547?s=1&r=257,12/19/22,D,A,UC
117th Congress (2021-2022),S.Amdt.6548,S.365,"Blackburn, Marsha [Sen.-R-TN]",Amendment SA 6548 agreed to in Senate by Unanimous Consent.  (All Actions),congress.gov/amendment/117th-congress/senate-amendment/6548?s=1&r=258,12/19/22,R,A,UC
117th Congress (2021-2022),S.Amdt.6550,S.3388,"Tester, Jon [Sen.-D-MT]",Amendment SA 6550 agreed to in Senate by Unanimous Consent.  (All Actions),congress.gov/amendment/117th-congress/senate-amendment/6550?s=1&r=259,12/19/22,D,A,UC
117th Congress (2021-2022),S.Amdt.6549,S.4719,"Grassley, Chuck [Sen.-R-IA]",Amendment SA 6549 agreed to in Senate by Unanimous Consent.  (All Actions),congress.gov/amendment/117th-congress/senate-amendment/6549?s=1&r=260,12/19/22,R,A,UC
117th Congress (2021-2022),S.Amdt.6551,S.4978,"Barrasso, John [Sen.-R-WY]",Amendment SA 6551 agreed to in Senate by Unanimous Consent.  (All Actions),congress.gov/amendment/117th-congress/senate-amendment/6551?s=1&r=261,12/19/22,R,A,UC
117th Congress (2021-2022),S.Amdt.6543,S.688,"Scott, Rick [Sen.-R-FL]",Amendment SA 6543 agreed to in Senate by Unanimous Consent.  (All Actions),congress.gov/amendment/117th-congress/senate-amendment/6543?s=1&r=262,12/15/22,R,A,UC
117th Congress (2021-2022),S.Amdt.6542,S.3957,"Barrasso, John [Sen.-R-WY]",Amendment SA 6542 agreed to in Senate by Unanimous Consent.  (All Actions),congress.gov/amendment/117th-congress/senate-amendment/6542?s=1&r=263,12/15/22,R,A,UC
117th Congress (2021-2022),S.Amdt.6524,S.2135,"Hassan, Margaret Wood [Sen.-D-NH]",Amendment SA 6524 agreed to in Senate by Unanimous Consent.  (All Actions),congress.gov/amendment/117th-congress/senate-amendment/6524?s=1&r=264,12/14/22,D,A,UC
117th Congress (2021-2022),S.Amdt.6525,H.R.1917,"Peters, Gary C. [Sen.-D-MI]",Amendment SA 6525 agreed to in Senate by Unanimous Consent.  (All Actions),congress.gov/amendment/117th-congress/senate-amendment/6525?s=1&r=265,12/14/22,D,A,UC
117th Congress (2021-2022),S.Amdt.6523,S.3429,"Sullivan, Dan [Sen.-R-AK]",Amendment SA 6523 agreed to in Senate by Unanimous Consent.  (All Actions),congress.gov/amendment/117th-congress/senate-amendment/6523?s=1&r=266,12/14/22,R,A,UC
117th Congress (2021-2022),S.Amdt.6519,S.4926,"Cornyn, John [Sen.-R-TX]",Amendment SA 6519 agreed to in Senate by Unanimous Consent.  (All Actions),congress.gov/amendment/117th-congress/senate-amendment/6519?s=1&r=267,12/13/22,R,A,UC
117th Congress (2021-2022),S.Amdt.6509,S.2834,"Durbin, Richard J. [Sen.-D-IL]",Amendment SA 6509 agreed to in Senate by Unanimous Consent.  (All Actions),congress.gov/amendment/117th-congress/senate-amendment/6509?s=1&r=268,12/08/22,D,A,UC
117th Congress (2021-2022),S.Amdt.6510,H.R.7535,"Hassan, Margaret Wood [Sen.-D-NH]",Amendment SA 6510 agreed to in Senate by Unanimous Consent.  (All Actions),congress.gov/amendment/117th-congress/senate-amendment/6510?s=1&r=269,12/08/22,D,A,UC
117th Congress (2021-2022),S.Amdt.6511,S.4216,"Rubio, Marco [Sen.-R-FL]",Amendment SA 6511 agreed to in Senate by Unanimous Consent.  (All Actions),congress.gov/amendment/117th-congress/senate-amendment/6511?s=1&r=270,12/08/22,R,A,UC
117th Congress (2021-2022),S.Amdt.6507,S.3316,"Grassley, Chuck [Sen.-R-IA]",Amendment SA 6507 agreed to in Senate by Unanimous Consent.  (All Actions),congress.gov/amendment/117th-congress/senate-amendment/6507?s=1&r=271,12/07/22,R,A,UC
117th Congress (2021-2022),S.Amdt.6508,S.Res.754,"Shaheen, Jeanne [Sen.-D-NH]",Amendment SA 6508 agreed to in Senate by Unanimous Consent.  (All Actions),congress.gov/amendment/117th-congress/senate-amendment/6508?s=1&r=272,12/07/22,D,A,UC
117th Congress (2021-2022),S.Amdt.6505,H.R.7077,"Peters, Gary C. [Sen.-D-MI]",Amendment SA 6505 agreed to in Senate by Unanimous Consent.  (All Actions),congress.gov/amendment/117th-congress/senate-amendment/6505?s=1&r=273,12/06/22,D,A,UC
117th Congress (2021-2022),S.Amdt.6506,S.3198,"Smith, Tina [Sen.-D-MN]",Amendment SA 6506 agreed to in Senate by Unanimous Consent.  (All Actions),congress.gov/amendment/117th-congress/senate-amendment/6506?s=1&r=274,12/06/22,D,A,UC
117th Congress (2021-2022),S.Amdt.6504,H.R.1193,"McConnell, Mitch [Sen.-R-KY]",Amendment SA 6504 agreed to in Senate by Unanimous Consent.  (All Actions),congress.gov/amendment/117th-congress/senate-amendment/6504?s=1&r=275,12/01/22,R,A,UC
117th Congress (2021-2022),S.Amdt.6487,H.R.8404,"Baldwin, Tammy [Sen.-D-WI]",Amendment SA 6487 agreed to in Senate by Unanimous Consent.  (All Actions),congress.gov/amendment/117th-congress/senate-amendment/6487?s=1&r=276,11/29/22,D,A,UC
117th Congress (2021-2022),S.Amdt.6502,H.R.5796,"Leahy, Patrick J. [Sen.-D-VT]",Amendment SA 6502 agreed to in Senate by Unanimous Consent.  (All Actions),congress.gov/amendment/117th-congress/senate-amendment/6502?s=1&r=277,11/28/22,D,A,UC
117th Congress (2021-2022),S.Amdt.6485,H.R.1437,"Wicker, Roger F. [Sen.-R-MS]",Amendment SA 6485 agreed to in Senate by Unanimous Consent.  (All Actions),congress.gov/amendment/117th-congress/senate-amendment/6485?s=1&r=278,11/17/22,R,A,UC
117th Congress (2021-2022),S.Amdt.6484,S.Res.800,"Hyde-Smith, Cindy [Sen.-R-MS]",Amendment SA 6484 agreed to in Senate by Unanimous Consent.  (All Actions),congress.gov/amendment/117th-congress/senate-amendment/6484?s=1&r=279,11/17/22,R,A,UC
117th Congress (2021-2022),S.Amdt.5745,H.R.6833,"Schumer, Charles E. [Sen.-D-NY]",Amendment SA 5745 agreed to in Senate by Unanimous Consent.  (All Actions),congress.gov/amendment/117th-congress/senate-amendment/5745?s=1&r=280,09/29/22,D,A,UC
117th Congress (2021-2022),S.Amdt.6028,H.R.3462,"Cardin, Benjamin L. [Sen.-D-MD]",Amendment SA 6028 agreed to in Senate by Unanimous Consent.  (All Actions),congress.gov/amendment/117th-congress/senate-amendment/6028?s=1&r=281,09/28/22,D,A,UC
117th Congress (2021-2022),S.Amdt.6029,S.2521,"Cardin, Benjamin L. [Sen.-D-MD]",Amendment SA 6029 agreed to in Senate by Unanimous Consent.  (All Actions),congress.gov/amendment/117th-congress/senate-amendment/6029?s=1&r=282,09/28/22,D,A,UC
117th Congress (2021-2022),S.Amdt.6027,S.3906,"Cardin, Benjamin L. [Sen.-D-MD]",Amendment SA 6027 agreed to in Senate by Unanimous Consent.  (All Actions),congress.gov/amendment/117th-congress/senate-amendment/6027?s=1&r=283,09/28/22,D,A,UC
117th Congress (2021-2022),S.Amdt.6026,S.3875,"Peters, Gary C. [Sen.-D-MI]",Amendment SA 6026 agreed to in Senate by Unanimous Consent.  (All Actions),congress.gov/amendment/117th-congress/senate-amendment/6026?s=1&r=284,09/28/22,D,A,UC
117th Congress (2021-2022),S.Amdt.5934,S.3092,"Padilla, Alex [Sen.-D-CA]",Amendment SA 5934 agreed to in Senate by Unanimous Consent.  (All Actions),congress.gov/amendment/117th-congress/senate-amendment/5934?s=1&r=285,09/28/22,D,A,UC
117th Congress (2021-2022),S.Amdt.5518,N/A,"Sullivan, Dan [Sen.-R-AK]",Amendment SA 5518 agreed to in Senate by Yea-Nay Vote. 96 - 0. Record Vote Number: 342.  (All Actions),congress.gov/amendment/117th-congress/senate-amendment/5518?s=1&r=286,09/21/22,R,A,RCV
117th Congress (2021-2022),S.Amdt.5505,S.1198,"Tester, Jon [Sen.-D-MT]","Amendment SA 5505, under the order of 9/15/22, agreed to in Senate by Unanimous Consent.  (All Actions)",congress.gov/amendment/117th-congress/senate-amendment/5505?s=1&r=287,09/19/22,D,A,UC
117th Congress (2021-2022),S.Amdt.5488,S.Amdt.5194,"Warner, Mark R. [Sen.-D-VA]",Amendment SA 5488 agreed to in Senate by Yea-Nay Vote. 51 - 50. Record Vote Number: 324.  (All Actions),congress.gov/amendment/117th-congress/senate-amendment/5488?s=1&r=288,08/07/22,D,A,RCV
117th Congress (2021-2022),S.Amdt.5472,S.Amdt.5194,"Thune, John [Sen.-R-SD]",Amendment SA 5472 agreed to in Senate by Yea-Nay Vote. 57 - 43. Record Vote Number: 323.  (All Actions),congress.gov/amendment/117th-congress/senate-amendment/5472?s=1&r=288&s=1&r=289,08/07/22,R,A,RCV
117th Congress (2021-2022),S.Amdt.5194,H.R.5376,"Schumer, Charles E. [Sen.-D-NY]",Amendment SA 5194 as modified agreed to in Senate by Voice Vote.  (All Actions),congress.gov/amendment/117th-congress/senate-amendment/5194?r=289&s=1&s=1&r=290,08/07/22,D,A,VV
117th Congress (2021-2022),S.Amdt.5434,S.Res.675,"Van Hollen, Chris [Sen.-D-MD]",Amendment SA 5434 agreed to in Senate by Unanimous Consent.  (All Actions),congress.gov/amendment/117th-congress/senate-amendment/5434?r=289&s=1&r=291,08/06/22,D,A,UC
117th Congress (2021-2022),S.Amdt.5192,N/A,"Sullivan, Dan [Sen.-R-AK]",Amendment SA 5192 agreed to in Senate by Voice Vote.  (All Actions),congress.gov/amendment/117th-congress/senate-amendment/5192?r=289&s=1&r=292,08/03/22,R,A,VV
117th Congress (2021-2022),S.Amdt.5193,S.734,"Cornyn, John [Sen.-R-TX]",Senate vitiated previous adoption of amendment SA 5193.  (All Actions),congress.gov/amendment/117th-congress/senate-amendment/5193?r=289&s=1&r=293,08/03/22,R,A,INPUT BY HAND
117th Congress (2021-2022),S.Amdt.5195,S.734,"Cornyn, John [Sen.-R-TX]",Amendment SA 5195 agreed to in Senate by Unanimous Consent.  (All Actions),congress.gov/amendment/117th-congress/senate-amendment/5195?r=289&s=1&r=294,08/03/22,R,A,UC
117th Congress (2021-2022),S.Amdt.5187,S.3905,"Peters, Gary C. [Sen.-D-MI]",Amendment SA 5187 agreed to in Senate by Unanimous Consent.  (All Actions),congress.gov/amendment/117th-congress/senate-amendment/5187?r=289&s=1&r=295,08/01/22,D,A,UC
117th Congress (2021-2022),S.Amdt.5189,S.4003,"Cornyn, John [Sen.-R-TX]",Amendment SA 5189 agreed to in Senate by Unanimous Consent.  (All Actions),congress.gov/amendment/117th-congress/senate-amendment/5189?r=289&s=1&r=296,08/01/22,R,A,UC
117th Congress (2021-2022),S.Amdt.5188,S.3860,"Cortez Masto, Catherine [Sen.-D-NV]",Amendment SA 5188 agreed to in Senate by Unanimous Consent.  (All Actions),congress.gov/amendment/117th-congress/senate-amendment/5188?r=289&s=1&r=297,08/01/22,D,A,UC
117th Congress (2021-2022),S.Amdt.5140,H.R.7776,"Carper, Thomas R. [Sen.-D-DE]",Amendment SA 5140 agreed to in Senate by Unanimous Consent.  (All Actions),congress.gov/amendment/117th-congress/senate-amendment/5140?r=289&s=1&r=298,07/28/22,D,A,UC
117th Congress (2021-2022),S.Amdt.5135,H.R.4346,"Schumer, Charles E. [Sen.-D-NY]",Amendment SA 5135 agreed to in Senate by Yea-Nay Vote. 64 - 33. Record Vote Number: 271.  (All Actions),congress.gov/amendment/117th-congress/senate-amendment/5135?r=289&s=1&r=299,07/27/22,D,A,RCV
117th Congress (2021-2022),S.Amdt.5143,S.Res.694,"Johnson, Ron [Sen.-R-WI]",Amendment SA 5143 agreed to in Senate by Unanimous Consent.  (All Actions),congress.gov/amendment/117th-congress/senate-amendment/5143?r=289&s=1&r=300,07/20/22,R,A,UC
117th Congress (2021-2022),S.Amdt.5130,S.4261,"Lee, Mike [Sen.-R-UT]",Amendment SA 5130 agreed to in Senate by Unanimous Consent.  (All Actions),congress.gov/amendment/117th-congress/senate-amendment/5130?r=289&s=1&r=301,06/23/22,R,A,UC
117th Congress (2021-2022),S.Amdt.5133,S.2089,"Stabenow, Debbie [Sen.-D-MI]",Amendment SA 5133 agreed to in Senate by Unanimous Consent.  (All Actions),congress.gov/amendment/117th-congress/senate-amendment/5133?r=289&s=1&r=302,06/23/22,D,A,UC
117th Congress (2021-2022),S.Amdt.5134,S.2938,"Murphy, Christopher [Sen.-D-CT]",Amendment SA 5134 agreed to in Senate by Unanimous Consent.  (All Actions),congress.gov/amendment/117th-congress/senate-amendment/5134?r=289&s=1&r=303,06/23/22,D,A,UC
117th Congress (2021-2022),S.Amdt.5099,S.2938,"Murphy, Christopher [Sen.-D-CT]",Amendment SA 5099 agreed to in Senate by Yea-Nay Vote. 65 - 33. Record Vote Number: 242.  (All Actions),congress.gov/amendment/117th-congress/senate-amendment/5099?r=289&s=1&r=304,06/23/22,D,A,RCV
117th Congress (2021-2022),S.Amdt.5119,S.671,"Hassan, Margaret Wood [Sen.-D-NH]",Amendment SA 5119 agreed to in Senate by Unanimous Consent.  (All Actions),congress.gov/amendment/117th-congress/senate-amendment/5119?r=289&s=1&r=305,06/22/22,D,A,UC
117th Congress (2021-2022),S.Amdt.5120,H.R.4346,"Hagerty, Bill [Sen.-R-TN]",Amendment SA 5120 agreed to in Senate by Unanimous Consent.  (All Actions),congress.gov/amendment/117th-congress/senate-amendment/5120?r=289&s=1&r=306,06/22/22,R,A,UC
117th Congress (2021-2022),S.Amdt.5098,S.3309,"Peters, Gary C. [Sen.-D-MI]",Amendment SA 5098 agreed to in Senate by Unanimous Consent.  (All Actions),congress.gov/amendment/117th-congress/senate-amendment/5098?r=289&s=1&r=307,06/16/22,D,A,UC
117th Congress (2021-2022),S.Amdt.5051,H.R.3967,"Tester, Jon [Sen.-D-MT]",Amendment SA 5051 agreed to in Senate by Yea-Nay Vote. 84 - 15. Record Vote Number: 226.  (All Actions),congress.gov/amendment/117th-congress/senate-amendment/5051?r=289&s=1&r=308,06/15/22,D,A,RCV
117th Congress (2021-2022),S.Amdt.5097,S.1098,"Warner, Mark R. [Sen.-D-VA]",Amendment SA 5097 agreed to in Senate by Unanimous Consent.  (All Actions),congress.gov/amendment/117th-congress/senate-amendment/5097?r=289&s=1&r=309,06/15/22,D,A,UC
117th Congress (2021-2022),S.Amdt.5096,S.1787,"Lee, Mike [Sen.-R-UT]",Amendment SA 5096 agreed to in Senate by Unanimous Consent.  (All Actions),congress.gov/amendment/117th-congress/senate-amendment/5096?r=289&s=1&r=310,06/14/22,R,A,UC
117th Congress (2021-2022),S.Amdt.5045,S.Res.134,"Lee, Mike [Sen.-R-UT]",Amendment SA 5045 agreed to in Senate by Unanimous Consent.  (All Actions),congress.gov/amendment/117th-congress/senate-amendment/5045?r=289&s=1&r=311,05/25/22,R,A,UC
117th Congress (2021-2022),S.Amdt.5046,S.Res.134,"Lee, Mike [Sen.-R-UT]",Amendment SA 5046 agreed to in Senate by Unanimous Consent.  (All Actions),congress.gov/amendment/117th-congress/senate-amendment/5046?r=289&s=1&r=312,05/25/22,R,A,UC
117th Congress (2021-2022),S.Amdt.5047,S.Res.134,"Lee, Mike [Sen.-R-UT]",Amendment SA 5047 agreed to in Senate by Unanimous Consent.  (All Actions),congress.gov/amendment/117th-congress/senate-amendment/5047?r=289&s=1&r=313,05/25/22,R,A,UC
117th Congress (2021-2022),S.Amdt.5042,S.2490,"Cornyn, John [Sen.-R-TX]",Amendment SA 5042 agreed to in Senate by Unanimous Consent. (consideration: CR S2606; text: CR S2625) (All Actions),congress.gov/amendment/117th-congress/senate-amendment/5042?r=289&s=1&r=314,05/19/22,R,A,UC
117th Congress (2021-2022),S.Amdt.5034,S.1596,"Rounds, Mike [Sen.-R-SD]",Amendment SA 5034 agreed to in Senate by Unanimous Consent.  (All Actions),congress.gov/amendment/117th-congress/senate-amendment/5034?r=289&s=1&r=315,05/16/22,R,A,UC
117th Congress (2021-2022),S.Amdt.5031,S.Res.456,"Durbin, Richard J. [Sen.-D-IL]",Amendment SA 5031 agreed to in Senate by Unanimous Consent.  (All Actions),congress.gov/amendment/117th-congress/senate-amendment/5031?r=289&s=1&r=316,05/11/22,D,A,UC
117th Congress (2021-2022),S.Amdt.5032,S.Res.456,"Durbin, Richard J. [Sen.-D-IL]",Amendment SA 5032 agreed to in Senate by Unanimous Consent.  (All Actions),congress.gov/amendment/117th-congress/senate-amendment/5032?r=289&s=1&r=317,05/11/22,D,A,UC
117th Congress (2021-2022),S.Amdt.5029,S.Res.552,"Murphy, Christopher [Sen.-D-CT]",Amendment SA 5029 agreed to in Senate by Unanimous Consent.  (All Actions),congress.gov/amendment/117th-congress/senate-amendment/5029?r=289&s=1&r=318,05/10/22,D,A,UC
117th Congress (2021-2022),S.Amdt.5021,H.R.6968,"Crapo, Mike [Sen.-R-ID]",Amendment SA 5021 agreed to in Senate by Unanimous Consent.  (All Actions),congress.gov/amendment/117th-congress/senate-amendment/5021?r=289&s=1&r=319,04/07/22,R,A,UC
117th Congress (2021-2022),S.Amdt.5024,S.2687,"Tester, Jon [Sen.-D-MT]",Amendment SA 5024 agreed to in Senate by Unanimous Consent.  (All Actions),congress.gov/amendment/117th-congress/senate-amendment/5024?r=289&s=1&r=320,04/07/22,D,A,UC
117th Congress (2021-2022),S.Amdt.5025,S.3823,"Grassley, Chuck [Sen.-R-IA]",Amendment SA 5025 agreed to in Senate by Unanimous Consent.  (All Actions),congress.gov/amendment/117th-congress/senate-amendment/5025?r=289&s=1&r=321,04/07/22,R,A,UC
117th Congress (2021-2022),S.Amdt.5026,S.1875,"Rounds, Mike [Sen.-R-SD]",Amendment SA 5026 agreed to in Senate by Unanimous Consent.  (All Actions),congress.gov/amendment/117th-congress/senate-amendment/5026?r=289&s=1&r=322,04/07/22,R,A,UC
117th Congress (2021-2022),S.Amdt.5027,S.Res.533,"Kaine, Tim [Sen.-D-VA]",Amendment SA 5027 proposed by Senator Murphy for Senator Kaine. To amend the preamble. (All Actions),congress.gov/amendment/117th-congress/senate-amendment/5027?r=289&s=1&r=323,04/07/22,D,A,INPUT BY HAND
117th Congress (2021-2022),S.Amdt.5020,H.R.7108,"Schumer, Charles E. [Sen.-D-NY]",Amendment SA 5020 agreed to in Senate by Unanimous Consent.  (All Actions),congress.gov/amendment/117th-congress/senate-amendment/5020?r=289&s=1&r=324,04/07/22,D,A,UC
117th Congress (2021-2022),S.Amdt.5022,S.3522,"Cornyn, John [Sen.-R-TX]",Amendment SA 5022 agreed to in Senate by Unanimous Consent.  (All Actions),congress.gov/amendment/117th-congress/senate-amendment/5022?r=289&s=1&r=325,04/06/22,R,A,UC
117th Congress (2021-2022),S.Amdt.5018,S.270,"Coons, Christopher A. [Sen.-D-DE]",Amendment SA 5018 agreed to in Senate by Unanimous Consent.  (All Actions),congress.gov/amendment/117th-congress/senate-amendment/5018?r=289&s=1&r=326,04/06/22,D,A,UC
117th Congress (2021-2022),S.Amdt.5019,S.2991,"Peters, Gary C. [Sen.-D-MI]",Amendment SA 5019 agreed to in Senate by Unanimous Consent.  (All Actions),congress.gov/amendment/117th-congress/senate-amendment/5019?r=289&s=1&r=327,04/06/22,D,A,UC
117th Congress (2021-2022),S.Amdt.5017,S.3580,"Cantwell, Maria [Sen.-D-WA]",Amendment SA 5017 agreed to in Senate by Unanimous Consent.  (All Actions),congress.gov/amendment/117th-congress/senate-amendment/5017?r=289&s=1&r=328,03/31/22,D,A,UC
117th Congress (2021-2022),S.Amdt.5002,H.R.4521,"Schumer, Charles E. [Sen.-D-NY]",Amendment SA 5002 agreed to in Senate by Unanimous Consent.  (All Actions),congress.gov/amendment/117th-congress/senate-amendment/5002?r=289&s=1&r=329,03/28/22,D,A,UC
117th Congress (2021-2022),S.Amdt.5014,S.2102,"Boozman, John [Sen.-R-AR]",Amendment SA 5014 agreed to in Senate by Unanimous Consent.  (All Actions),congress.gov/amendment/117th-congress/senate-amendment/5014?r=289&s=1&r=330,03/24/22,R,A,UC
117th Congress (2021-2022),S.Amdt.5015,S.253,"Feinstein, Dianne [Sen.-D-CA]",Amendment SA 5015 agreed to in Senate by Unanimous Consent.  (All Actions),congress.gov/amendment/117th-congress/senate-amendment/5015?r=289&s=1&r=331,03/24/22,D,A,UC
117th Congress (2021-2022),S.Amdt.5001,S.120,"Schatz, Brian [Sen.-D-HI]",Amendment SA 5001 agreed to in Senate by Unanimous Consent.  (All Actions),congress.gov/amendment/117th-congress/senate-amendment/5001?r=289&s=1&r=332,03/17/22,D,A,UC
117th Congress (2021-2022),S.Amdt.5000,S.623,"Rubio, Marco [Sen.-R-FL]",Amendment SA 5000 agreed to in Senate by Unanimous Consent.  (All Actions),congress.gov/amendment/117th-congress/senate-amendment/5000?r=289&s=1&r=333,03/15/22,R,A,UC
117th Congress (2021-2022),S.Amdt.4954,S.3600,"Wicker, Roger F. [Sen.-R-MS]",Amendment SA 4954 agreed to in Senate by Unanimous Consent.  (All Actions),congress.gov/amendment/117th-congress/senate-amendment/4954?r=289&s=1&r=334,03/01/22,R,A,UC
117th Congress (2021-2022),S.Amdt.4953,S.3600,"Peters, Gary C. [Sen.-D-MI]",Amendment SA 4953 agreed to in Senate by Unanimous Consent.  (All Actions),congress.gov/amendment/117th-congress/senate-amendment/4953?r=289&s=1&r=335,03/01/22,D,A,UC
117th Congress (2021-2022),S.Amdt.4931,S.3059,"Cornyn, John [Sen.-R-TX]",Amendment SA 4931 agreed to in Senate by Unanimous Consent.  (All Actions),congress.gov/amendment/117th-congress/senate-amendment/4931?r=289&s=1&r=336,02/17/22,R,A,UC
117th Congress (2021-2022),S.Amdt.4926,H.R.2497,"Bennet, Michael F. [Sen.-D-CO]",Amendment SA 4926 agreed to in Senate by Unanimous Consent.  (All Actions),congress.gov/amendment/117th-congress/senate-amendment/4926?r=289&s=1&r=337,02/14/22,D,A,UC
117th Congress (2021-2022),S.Amdt.4924,S.Res.467,"Blumenthal, Richard [Sen.-D-CT]",Amendment SA 4924 agreed to in Senate by Unanimous Consent.  (All Actions),congress.gov/amendment/117th-congress/senate-amendment/4924?r=289&s=1&r=338,02/10/22,D,A,UC
117th Congress (2021-2022),S.Amdt.4925,S.Res.467,"Blumenthal, Richard [Sen.-D-CT]",Amendment SA 4925 agreed to in Senate by Unanimous Consent.  (All Actions),congress.gov/amendment/117th-congress/senate-amendment/4925?r=289&s=1&r=339,02/10/22,D,A,UC
117th Congress (2021-2022),S.Amdt.4923,S.3527,"Tester, Jon [Sen.-D-MT]",Amendment SA 4923 agreed to in Senate by Unanimous Consent.  (All Actions),congress.gov/amendment/117th-congress/senate-amendment/4923?r=289&s=1&r=340,02/03/22,D,A,UC
117th Congress (2021-2022),S.Amdt.4919,S.Res.35,"Cardin, Benjamin L. [Sen.-D-MD]",Amendment SA 4919 agreed to in Senate by Unanimous Consent.  (All Actions),congress.gov/amendment/117th-congress/senate-amendment/4919?r=289&s=1&r=341,02/01/22,D,A,UC
117th Congress (2021-2022),S.Amdt.4918,S.Res.35,"Cardin, Benjamin L. [Sen.-D-MD]",Amendment SA 4918 agreed to in Senate by Unanimous Consent.  (All Actions),congress.gov/amendment/117th-congress/senate-amendment/4918?r=289&s=1&r=342,02/01/22,D,A,UC
117th Congress (2021-2022),S.Amdt.4920,S.Res.35,"Cardin, Benjamin L. [Sen.-D-MD]",Amendment SA 4920 agreed to in Senate by Unanimous Consent.  (All Actions),congress.gov/amendment/117th-congress/senate-amendment/4920?r=289&s=1&r=343,02/01/22,D,A,UC
117th Congress (2021-2022),S.Amdt.4921,S.Res.345,"Shaheen, Jeanne [Sen.-D-NH]",Amendment SA 4921 agreed to in Senate by Unanimous Consent.  (All Actions),congress.gov/amendment/117th-congress/senate-amendment/4921?r=289&s=1&r=344,02/01/22,D,A,UC
117th Congress (2021-2022),S.Amdt.4922,S.Res.496,"Ossoff, Jon [Sen.-D-GA]",Amendment SA 4922 agreed to in Senate by Unanimous Consent.  (All Actions),congress.gov/amendment/117th-congress/senate-amendment/4922?r=289&s=1&r=345,02/01/22,D,A,UC
117th Congress (2021-2022),S.Amdt.4902,H.R.2471,"Cardin, Benjamin L. [Sen.-D-MD]",Amendment SA 4902 agreed to in Senate by Unanimous Consent.  (All Actions),congress.gov/amendment/117th-congress/senate-amendment/4902?r=289&s=1&r=346,01/13/22,D,A,UC
117th Congress (2021-2022),S.Amdt.4899,S.2201,"Peters, Gary C. [Sen.-D-MI]",Amendment SA 4899 agreed to in Senate by Unanimous Consent.  (All Actions),congress.gov/amendment/117th-congress/senate-amendment/4899?r=289&s=1&r=347,01/11/22,D,A,UC
117th Congress (2021-2022),S.Amdt.4898,S.2520,"Peters, Gary C. [Sen.-D-MI]",Amendment SA 4898 agreed to in Senate by Unanimous Consent.  (All Actions),congress.gov/amendment/117th-congress/senate-amendment/4898?r=289&s=1&r=348,01/11/22,D,A,UC
117th Congress (2021-2022),S.Amdt.4897,S.450,"Burr, Richard [Sen.-R-NC]",Amendment SA 4897 agreed to in Senate by Unanimous Consent.  (All Actions),congress.gov/amendment/117th-congress/senate-amendment/4897?r=289&s=1&r=349,01/10/22,R,A,UC
